2026-05-07 17:40:39,943 [INFO] check_new_post @u : bootstrap (last_post_id null) -> media_id=777
2026-05-07 17:40:39,945 [INFO] check_new_post @someone : nouveau post media_id=111 (précédent 000)
2026-05-07 17:40:39,947 [WARNING] check_new_post @testuser : rate limit Instagram (slow down), pause 30s puis retry
2026-05-07 17:41:37,682 [INFO] check_new_post @u : bootstrap (last_post_id null) -> media_id=777
2026-05-07 17:41:37,690 [INFO] check_new_post @someone : nouveau post media_id=111 (précédent 000)
2026-05-07 17:41:37,697 [WARNING] check_new_post @testuser : rate limit Instagram (slow down), pause 30s puis retry
2026-05-07 17:50:41,173 [INFO] check_new_post @u : bootstrap (last_post_id null) -> media_id=777
2026-05-07 17:50:41,174 [INFO] check_new_post @someone : nouveau post media_id=111 (précédent 000)
2026-05-07 17:50:41,176 [WARNING] check_new_post @testuser : rate limit Instagram (slow down), pause 30s puis retry
2026-05-07 17:50:41,180 [INFO] === Watcher démarré (mock=True) ===
2026-05-07 17:50:41,180 [INFO] --- Cycle 1 ---
2026-05-07 17:50:41,181 [INFO] @creator_a : 3 commentaire(s) généré(s).
2026-05-07 17:50:41,181 [INFO] [mock] notification Telegram skip (post=mock_post_creator_a)
2026-05-07 17:50:41,181 [INFO] @creator_a : last_post_id mis à jour -> mock_post_creator_a
2026-05-07 17:50:41,181 [INFO] @creator_b : t_type absent (Discovery requis), skip.
2026-05-07 17:50:41,181 [INFO] max_cycles=1 atteint, arrêt.
2026-05-07 17:50:41,183 [INFO] === Watcher démarré (mock=False) ===
2026-05-07 17:50:41,183 [INFO] --- Cycle 1 ---
2026-05-07 17:50:41,183 [INFO] @newbie : bootstrap, mémorise last_post_id=first_id sans notification.
2026-05-07 17:50:41,184 [INFO] max_cycles=1 atteint, arrêt.
2026-05-07 17:50:41,185 [INFO] === Watcher démarré (mock=False) ===
2026-05-07 17:50:41,185 [INFO] --- Cycle 1 ---
2026-05-07 17:50:41,186 [INFO] @atelier_xyz : 3 commentaire(s) généré(s).
2026-05-07 17:50:41,186 [INFO] @atelier_xyz : last_post_id mis à jour -> fresh_post_id
2026-05-07 17:50:41,186 [INFO] max_cycles=1 atteint, arrêt.
2026-05-07 17:50:46,463 [INFO] check_new_post @u : bootstrap (last_post_id null) -> media_id=777
2026-05-07 17:50:46,464 [INFO] check_new_post @someone : nouveau post media_id=111 (précédent 000)
2026-05-07 17:50:46,474 [WARNING] check_new_post @testuser : rate limit Instagram (slow down), pause 30s puis retry
2026-05-07 17:50:46,476 [INFO] === Watcher démarré (mock=True) ===
2026-05-07 17:50:46,476 [INFO] --- Cycle 1 ---
2026-05-07 17:50:46,476 [INFO] @creator_a : 3 commentaire(s) généré(s).
2026-05-07 17:50:46,476 [INFO] [mock] notification Telegram skip (post=mock_post_creator_a)
2026-05-07 17:50:46,476 [INFO] @creator_a : last_post_id mis à jour -> mock_post_creator_a
2026-05-07 17:50:46,477 [INFO] @creator_b : t_type absent (Discovery requis), skip.
2026-05-07 17:50:46,477 [INFO] max_cycles=1 atteint, arrêt.
2026-05-07 17:50:46,478 [INFO] === Watcher démarré (mock=False) ===
2026-05-07 17:50:46,478 [INFO] --- Cycle 1 ---
2026-05-07 17:50:46,478 [INFO] @newbie : bootstrap, mémorise last_post_id=first_id sans notification.
2026-05-07 17:50:46,480 [INFO] max_cycles=1 atteint, arrêt.
2026-05-07 17:50:46,481 [INFO] === Watcher démarré (mock=False) ===
2026-05-07 17:50:46,481 [INFO] --- Cycle 1 ---
2026-05-07 17:50:46,481 [INFO] @atelier_xyz : 3 commentaire(s) généré(s).
2026-05-07 17:50:46,481 [INFO] @atelier_xyz : last_post_id mis à jour -> fresh_post_id
2026-05-07 17:50:46,483 [INFO] max_cycles=1 atteint, arrêt.
2026-05-07 17:50:51,435 [INFO] === Watcher démarré (mock=True) ===
2026-05-07 17:50:51,435 [INFO] --- Cycle 1 ---
2026-05-07 17:50:51,436 [INFO] @example_creator : 3 commentaire(s) généré(s).
2026-05-07 17:50:51,436 [INFO] [mock] notification Telegram skip (post=mock_post_example_creator)
2026-05-07 17:50:51,436 [INFO] @example_creator : last_post_id mis à jour -> mock_post_example_creator
2026-05-07 17:50:51,436 [INFO] max_cycles=1 atteint, arrêt.
2026-05-07 17:57:03,813 [INFO] check_new_post @u : bootstrap (last_post_id null) -> media_id=777
2026-05-07 17:57:03,814 [INFO] check_new_post @someone : nouveau post media_id=111 (précédent 000)
2026-05-07 17:57:03,816 [WARNING] check_new_post @testuser : session Instagram perdue (LoginRequired) — recovery.
2026-05-07 17:57:03,821 [WARNING] check_new_post @testuser : session Instagram perdue (PleaseWaitFewMinutes) — recovery.
2026-05-07 17:57:03,822 [WARNING] check_new_post @testuser : rate limit court Instagram (slow down), pause 30s puis retry
2026-05-07 17:57:03,825 [INFO] === Watcher démarré (mock=True, max_accounts/session=50) ===
2026-05-07 17:57:03,825 [INFO] --- Cycle 1 ---
2026-05-07 17:57:03,825 [INFO] @creator_a : 3 commentaire(s) généré(s).
2026-05-07 17:57:03,825 [INFO] [mock] notification Telegram skip (post=mock_post_creator_a)
2026-05-07 17:57:03,825 [INFO] @creator_a : last_post_id mis à jour -> mock_post_creator_a
2026-05-07 17:57:03,825 [INFO] @creator_b : t_type absent (Discovery requis), skip.
2026-05-07 17:57:03,826 [INFO] max_cycles=1 atteint, arrêt.
2026-05-07 17:57:03,829 [INFO] === Watcher démarré (mock=False, max_accounts/session=3) ===
2026-05-07 17:57:03,829 [INFO] --- Cycle 1 ---
2026-05-07 17:57:03,829 [INFO] Seuil de 3 comptes vérifiés atteint — pause 600s anti-flag.
2026-05-07 17:57:03,829 [INFO] max_cycles=1 atteint, arrêt.
2026-05-07 17:57:03,831 [INFO] === Watcher démarré (mock=False, max_accounts/session=50) ===
2026-05-07 17:57:03,831 [INFO] --- Cycle 1 ---
2026-05-07 17:57:03,831 [WARNING] Session perdue pendant @creator_0 : session expirée → recovery.
2026-05-07 17:57:03,831 [INFO] Reconnexion réussie, on continue le cycle.
2026-05-07 17:57:03,831 [INFO] @creator_1 : 3 commentaire(s) généré(s).
2026-05-07 17:57:03,832 [INFO] @creator_1 : last_post_id mis à jour -> fresh
2026-05-07 17:57:03,832 [INFO] max_cycles=1 atteint, arrêt.
2026-05-07 17:57:03,834 [INFO] === Watcher démarré (mock=False, max_accounts/session=50) ===
2026-05-07 17:57:03,834 [INFO] --- Cycle 1 ---
2026-05-07 17:57:03,834 [WARNING] Session perdue pendant @creator_0 : session perdue → recovery.
2026-05-07 17:57:03,834 [ERROR] Watcher stoppé proprement (recovery KO) : recovery KO
2026-05-07 17:57:03,835 [INFO] === Watcher démarré (mock=False, max_accounts/session=50) ===
2026-05-07 17:57:03,835 [INFO] --- Cycle 1 ---
2026-05-07 17:57:03,836 [INFO] @newbie : bootstrap, mémorise last_post_id=first_id sans notification.
2026-05-07 17:57:03,836 [INFO] max_cycles=1 atteint, arrêt.
2026-05-07 17:57:03,837 [INFO] === Watcher démarré (mock=False, max_accounts/session=50) ===
2026-05-07 17:57:03,837 [INFO] --- Cycle 1 ---
2026-05-07 17:57:03,838 [INFO] @atelier_xyz : 3 commentaire(s) généré(s).
2026-05-07 17:57:03,838 [INFO] @atelier_xyz : last_post_id mis à jour -> fresh_post_id
2026-05-07 17:57:03,838 [INFO] max_cycles=1 atteint, arrêt.
2026-05-07 17:57:08,887 [INFO] check_new_post @u : bootstrap (last_post_id null) -> media_id=777
2026-05-07 17:57:08,888 [INFO] check_new_post @someone : nouveau post media_id=111 (précédent 000)
2026-05-07 17:57:08,899 [WARNING] check_new_post @testuser : session Instagram perdue (LoginRequired) — recovery.
2026-05-07 17:57:08,900 [WARNING] check_new_post @testuser : session Instagram perdue (PleaseWaitFewMinutes) — recovery.
2026-05-07 17:57:08,901 [WARNING] check_new_post @testuser : rate limit court Instagram (slow down), pause 30s puis retry
2026-05-07 17:57:08,902 [INFO] === Watcher démarré (mock=True, max_accounts/session=50) ===
2026-05-07 17:57:08,903 [INFO] --- Cycle 1 ---
2026-05-07 17:57:08,903 [INFO] @creator_a : 3 commentaire(s) généré(s).
2026-05-07 17:57:08,903 [INFO] [mock] notification Telegram skip (post=mock_post_creator_a)
2026-05-07 17:57:08,903 [INFO] @creator_a : last_post_id mis à jour -> mock_post_creator_a
2026-05-07 17:57:08,903 [INFO] @creator_b : t_type absent (Discovery requis), skip.
2026-05-07 17:57:08,903 [INFO] max_cycles=1 atteint, arrêt.
2026-05-07 17:57:08,905 [INFO] === Watcher démarré (mock=False, max_accounts/session=3) ===
2026-05-07 17:57:08,905 [INFO] --- Cycle 1 ---
2026-05-07 17:57:08,905 [INFO] Seuil de 3 comptes vérifiés atteint — pause 600s anti-flag.
2026-05-07 17:57:08,905 [INFO] max_cycles=1 atteint, arrêt.
2026-05-07 17:57:08,906 [INFO] === Watcher démarré (mock=False, max_accounts/session=50) ===
2026-05-07 17:57:08,906 [INFO] --- Cycle 1 ---
2026-05-07 17:57:08,907 [WARNING] Session perdue pendant @creator_0 : session expirée → recovery.
2026-05-07 17:57:08,907 [INFO] Reconnexion réussie, on continue le cycle.
2026-05-07 17:57:08,907 [INFO] @creator_1 : 3 commentaire(s) généré(s).
2026-05-07 17:57:08,907 [INFO] @creator_1 : last_post_id mis à jour -> fresh
2026-05-07 17:57:08,908 [INFO] max_cycles=1 atteint, arrêt.
2026-05-07 17:57:08,909 [INFO] === Watcher démarré (mock=False, max_accounts/session=50) ===
2026-05-07 17:57:08,909 [INFO] --- Cycle 1 ---
2026-05-07 17:57:08,909 [WARNING] Session perdue pendant @creator_0 : session perdue → recovery.
2026-05-07 17:57:08,909 [ERROR] Watcher stoppé proprement (recovery KO) : recovery KO
2026-05-07 17:57:08,911 [INFO] === Watcher démarré (mock=False, max_accounts/session=50) ===
2026-05-07 17:57:08,911 [INFO] --- Cycle 1 ---
2026-05-07 17:57:08,911 [INFO] @newbie : bootstrap, mémorise last_post_id=first_id sans notification.
2026-05-07 17:57:08,911 [INFO] max_cycles=1 atteint, arrêt.
2026-05-07 17:57:08,913 [INFO] === Watcher démarré (mock=False, max_accounts/session=50) ===
2026-05-07 17:57:08,913 [INFO] --- Cycle 1 ---
2026-05-07 17:57:08,913 [INFO] @atelier_xyz : 3 commentaire(s) généré(s).
2026-05-07 17:57:08,913 [INFO] @atelier_xyz : last_post_id mis à jour -> fresh_post_id
2026-05-07 17:57:08,914 [INFO] max_cycles=1 atteint, arrêt.
2026-05-07 17:57:15,534 [INFO] === Watcher démarré (mock=True, max_accounts/session=50) ===
2026-05-07 17:57:15,535 [INFO] --- Cycle 1 ---
2026-05-07 17:57:15,536 [INFO] @example_creator : 3 commentaire(s) généré(s).
2026-05-07 17:57:15,536 [INFO] [mock] notification Telegram skip (post=mock_post_example_creator)
2026-05-07 17:57:15,536 [INFO] @example_creator : last_post_id mis à jour -> mock_post_example_creator
2026-05-07 17:57:15,537 [INFO] max_cycles=1 atteint, arrêt.
2026-05-07 18:26:36,368 [INFO] check_new_post @u : bootstrap (last_post_id null) -> media_id=777
2026-05-07 18:26:36,369 [INFO] check_new_post @someone : nouveau post media_id=111 (précédent 000)
2026-05-07 18:26:36,381 [WARNING] check_new_post @testuser : session Instagram perdue (LoginRequired) — recovery.
2026-05-07 18:26:36,381 [WARNING] check_new_post @testuser : session Instagram perdue (PleaseWaitFewMinutes) — recovery.
2026-05-07 18:26:36,382 [WARNING] check_new_post @testuser : rate limit court Instagram (slow down), pause 30s puis retry
2026-05-07 18:26:36,384 [INFO] === Watcher démarré (mock=True, max_accounts/session=50) ===
2026-05-07 18:26:36,384 [INFO] --- Cycle 1 ---
2026-05-07 18:26:36,384 [INFO] @creator_a : 3 commentaire(s) généré(s).
2026-05-07 18:26:36,384 [INFO] [mock] notification Telegram skip (post=mock_post_creator_a)
2026-05-07 18:26:36,384 [INFO] @creator_a : last_post_id mis à jour -> mock_post_creator_a
2026-05-07 18:26:36,384 [INFO] @creator_b : t_type absent (Discovery requis), skip.
2026-05-07 18:26:36,384 [INFO] max_cycles=1 atteint, arrêt.
2026-05-07 18:26:36,386 [INFO] === Watcher démarré (mock=False, max_accounts/session=3) ===
2026-05-07 18:26:36,386 [INFO] --- Cycle 1 ---
2026-05-07 18:26:36,386 [INFO] Seuil de 3 comptes vérifiés atteint — pause 600s anti-flag.
2026-05-07 18:26:36,386 [INFO] max_cycles=1 atteint, arrêt.
2026-05-07 18:26:36,389 [INFO] === Watcher démarré (mock=False, max_accounts/session=50) ===
2026-05-07 18:26:36,389 [INFO] --- Cycle 1 ---
2026-05-07 18:26:36,389 [WARNING] Session perdue pendant @creator_0 : session expirée → recovery.
2026-05-07 18:26:36,389 [INFO] Reconnexion réussie, on continue le cycle.
2026-05-07 18:26:36,390 [INFO] @creator_1 : 3 commentaire(s) généré(s).
2026-05-07 18:26:36,390 [INFO] @creator_1 : last_post_id mis à jour -> fresh
2026-05-07 18:26:36,390 [INFO] max_cycles=1 atteint, arrêt.
2026-05-07 18:26:36,393 [INFO] === Watcher démarré (mock=False, max_accounts/session=50) ===
2026-05-07 18:26:36,393 [INFO] --- Cycle 1 ---
2026-05-07 18:26:36,393 [WARNING] Session perdue pendant @creator_0 : session perdue → recovery.
2026-05-07 18:26:36,393 [ERROR] Watcher stoppé proprement (recovery KO) : recovery KO
2026-05-07 18:26:36,395 [INFO] === Watcher démarré (mock=False, max_accounts/session=50) ===
2026-05-07 18:26:36,395 [INFO] --- Cycle 1 ---
2026-05-07 18:26:36,395 [INFO] @newbie : bootstrap, mémorise last_post_id=first_id sans notification.
2026-05-07 18:26:36,395 [INFO] max_cycles=1 atteint, arrêt.
2026-05-07 18:26:36,397 [INFO] === Watcher démarré (mock=False, max_accounts/session=50) ===
2026-05-07 18:26:36,397 [INFO] --- Cycle 1 ---
2026-05-07 18:26:36,397 [INFO] @atelier_xyz : 3 commentaire(s) généré(s).
2026-05-07 18:26:36,397 [INFO] @atelier_xyz : last_post_id mis à jour -> fresh_post_id
2026-05-07 18:26:36,397 [INFO] max_cycles=1 atteint, arrêt.
2026-05-07 18:33:04,913 [INFO] check_new_post @u : bootstrap (last_post_id null) -> media_id=777
2026-05-07 18:33:04,914 [INFO] check_new_post @someone : nouveau post media_id=111 (précédent 000)
2026-05-07 18:33:04,916 [WARNING] check_new_post @testuser : session Instagram perdue (LoginRequired) — recovery.
2026-05-07 18:33:04,917 [WARNING] check_new_post @testuser : session Instagram perdue (PleaseWaitFewMinutes) — recovery.
2026-05-07 18:33:04,918 [WARNING] check_new_post @testuser : rate limit court Instagram (slow down), pause 30s puis retry
2026-05-07 18:33:04,919 [INFO] === Watcher démarré (mock=True, max_accounts/session=50) ===
2026-05-07 18:33:04,919 [INFO] --- Cycle 1 ---
2026-05-07 18:33:04,920 [INFO] @creator_a : 3 commentaire(s) généré(s).
2026-05-07 18:33:04,920 [INFO] [mock] notification Telegram skip (post=mock_post_creator_a)
2026-05-07 18:33:04,920 [INFO] @creator_a : last_post_id mis à jour -> mock_post_creator_a
2026-05-07 18:33:04,920 [INFO] @creator_b : t_type absent (Discovery requis), skip.
2026-05-07 18:33:04,920 [INFO] max_cycles=1 atteint, arrêt.
2026-05-07 18:33:04,922 [INFO] === Watcher démarré (mock=False, max_accounts/session=3) ===
2026-05-07 18:33:04,922 [INFO] --- Cycle 1 ---
2026-05-07 18:33:04,923 [INFO] Seuil de 3 comptes vérifiés atteint — pause 600s anti-flag.
2026-05-07 18:33:04,923 [INFO] max_cycles=1 atteint, arrêt.
2026-05-07 18:33:04,926 [INFO] === Watcher démarré (mock=False, max_accounts/session=50) ===
2026-05-07 18:33:04,926 [INFO] --- Cycle 1 ---
2026-05-07 18:33:04,927 [WARNING] Session perdue pendant @creator_0 : session expirée → recovery.
2026-05-07 18:33:04,927 [INFO] Reconnexion réussie, on continue le cycle.
2026-05-07 18:33:04,928 [INFO] @creator_1 : 3 commentaire(s) généré(s).
2026-05-07 18:33:04,928 [INFO] @creator_1 : last_post_id mis à jour -> fresh
2026-05-07 18:33:04,929 [INFO] max_cycles=1 atteint, arrêt.
2026-05-07 18:33:04,931 [INFO] === Watcher démarré (mock=False, max_accounts/session=50) ===
2026-05-07 18:33:04,931 [INFO] --- Cycle 1 ---
2026-05-07 18:33:04,932 [WARNING] Session perdue pendant @creator_0 : session perdue → recovery.
2026-05-07 18:33:04,932 [ERROR] Watcher stoppé proprement (recovery KO) : recovery KO
2026-05-07 18:33:04,934 [INFO] === Watcher démarré (mock=False, max_accounts/session=50) ===
2026-05-07 18:33:04,934 [INFO] --- Cycle 1 ---
2026-05-07 18:33:04,935 [INFO] @newbie : bootstrap, mémorise last_post_id=first_id sans notification.
2026-05-07 18:33:04,936 [INFO] max_cycles=1 atteint, arrêt.
2026-05-07 18:33:04,937 [INFO] === Watcher démarré (mock=False, max_accounts/session=50) ===
2026-05-07 18:33:04,937 [INFO] --- Cycle 1 ---
2026-05-07 18:33:04,938 [INFO] @atelier_xyz : 3 commentaire(s) généré(s).
2026-05-07 18:33:04,938 [INFO] @atelier_xyz : last_post_id mis à jour -> fresh_post_id
2026-05-07 18:33:04,938 [INFO] max_cycles=1 atteint, arrêt.
2026-05-07 18:40:26,445 [INFO] check_new_post @u : bootstrap (last_post_id null) -> media_id=777
2026-05-07 18:40:26,446 [INFO] check_new_post @someone : nouveau post media_id=111 (précédent 000)
2026-05-07 18:40:26,449 [WARNING] check_new_post @testuser : session Instagram perdue (LoginRequired) — recovery.
2026-05-07 18:40:26,450 [WARNING] check_new_post @testuser : session Instagram perdue (PleaseWaitFewMinutes) — recovery.
2026-05-07 18:40:26,451 [WARNING] check_new_post @testuser : rate limit court Instagram (slow down), pause 30s puis retry
2026-05-07 18:40:26,453 [INFO] === Watcher démarré (mock=True, max_accounts/session=50) ===
2026-05-07 18:40:26,454 [INFO] --- Cycle 1 ---
2026-05-07 18:40:26,454 [INFO] @creator_a : 3 commentaire(s) généré(s).
2026-05-07 18:40:26,455 [INFO] [mock] notification Telegram skip (post=mock_post_creator_a)
2026-05-07 18:40:26,455 [INFO] @creator_a : last_post_id mis à jour -> mock_post_creator_a
2026-05-07 18:40:26,456 [INFO] @creator_b : t_type absent (Discovery requis), skip.
2026-05-07 18:40:26,456 [INFO] max_cycles=1 atteint, arrêt.
2026-05-07 18:40:26,460 [INFO] === Watcher démarré (mock=False, max_accounts/session=3) ===
2026-05-07 18:40:26,460 [INFO] --- Cycle 1 ---
2026-05-07 18:40:26,460 [INFO] Seuil de 3 comptes vérifiés atteint — pause 600s anti-flag.
2026-05-07 18:40:26,461 [INFO] max_cycles=1 atteint, arrêt.
2026-05-07 18:40:26,464 [INFO] === Watcher démarré (mock=False, max_accounts/session=50) ===
2026-05-07 18:40:26,464 [INFO] --- Cycle 1 ---
2026-05-07 18:40:26,464 [WARNING] Session perdue pendant @creator_0 : session expirée → recovery.
2026-05-07 18:40:26,464 [INFO] Reconnexion réussie, on continue le cycle.
2026-05-07 18:40:26,465 [INFO] @creator_1 : 3 commentaire(s) généré(s).
2026-05-07 18:40:26,465 [INFO] @creator_1 : last_post_id mis à jour -> fresh
2026-05-07 18:40:26,466 [INFO] max_cycles=1 atteint, arrêt.
2026-05-07 18:40:26,468 [INFO] === Watcher démarré (mock=False, max_accounts/session=50) ===
2026-05-07 18:40:26,468 [INFO] --- Cycle 1 ---
2026-05-07 18:40:26,468 [WARNING] Session perdue pendant @creator_0 : session perdue → recovery.
2026-05-07 18:40:26,468 [ERROR] Watcher stoppé proprement (recovery KO) : recovery KO
2026-05-07 18:40:26,470 [INFO] === Watcher démarré (mock=False, max_accounts/session=50) ===
2026-05-07 18:40:26,471 [INFO] --- Cycle 1 ---
2026-05-07 18:40:26,471 [INFO] @newbie : bootstrap, mémorise last_post_id=first_id sans notification.
2026-05-07 18:40:26,472 [INFO] max_cycles=1 atteint, arrêt.
2026-05-07 18:40:26,475 [INFO] === Watcher démarré (mock=False, max_accounts/session=50) ===
2026-05-07 18:40:26,475 [INFO] --- Cycle 1 ---
2026-05-07 18:40:26,475 [INFO] @atelier_xyz : 3 commentaire(s) généré(s).
2026-05-07 18:40:26,475 [INFO] @atelier_xyz : last_post_id mis à jour -> fresh_post_id
2026-05-07 18:40:26,477 [INFO] max_cycles=1 atteint, arrêt.
2026-05-07 18:41:54,386 [INFO] check_new_post @u : bootstrap (last_post_id null) -> media_id=777
2026-05-07 18:41:54,387 [INFO] check_new_post @someone : nouveau post media_id=111 (précédent 000)
2026-05-07 18:41:54,389 [WARNING] check_new_post @testuser : session Instagram perdue (LoginRequired) — recovery.
2026-05-07 18:41:54,389 [WARNING] check_new_post @testuser : session Instagram perdue (PleaseWaitFewMinutes) — recovery.
2026-05-07 18:41:54,390 [WARNING] check_new_post @testuser : rate limit court Instagram (slow down), pause 30s puis retry
2026-05-07 18:41:54,393 [INFO] === Watcher démarré (mock=True, max_accounts/session=50) ===
2026-05-07 18:41:54,393 [INFO] --- Cycle 1 ---
2026-05-07 18:41:54,394 [INFO] @creator_a : 3 commentaire(s) généré(s).
2026-05-07 18:41:54,394 [INFO] [mock] notification Telegram skip (post=mock_post_creator_a)
2026-05-07 18:41:54,395 [INFO] @creator_a : last_post_id mis à jour -> mock_post_creator_a
2026-05-07 18:41:54,395 [INFO] @creator_b : t_type absent (Discovery requis), skip.
2026-05-07 18:41:54,395 [INFO] max_cycles=1 atteint, arrêt.
2026-05-07 18:41:54,399 [INFO] === Watcher démarré (mock=False, max_accounts/session=3) ===
2026-05-07 18:41:54,399 [INFO] --- Cycle 1 ---
2026-05-07 18:41:54,399 [INFO] Seuil de 3 comptes vérifiés atteint — pause 600s anti-flag.
2026-05-07 18:41:54,399 [INFO] max_cycles=1 atteint, arrêt.
2026-05-07 18:41:54,401 [INFO] === Watcher démarré (mock=False, max_accounts/session=50) ===
2026-05-07 18:41:54,402 [INFO] --- Cycle 1 ---
2026-05-07 18:41:54,402 [WARNING] Session perdue pendant @creator_0 : session expirée → recovery.
2026-05-07 18:41:54,402 [INFO] Reconnexion réussie, on continue le cycle.
2026-05-07 18:41:54,402 [INFO] @creator_1 : 3 commentaire(s) généré(s).
2026-05-07 18:41:54,403 [INFO] @creator_1 : last_post_id mis à jour -> fresh
2026-05-07 18:41:54,404 [INFO] max_cycles=1 atteint, arrêt.
2026-05-07 18:41:54,406 [INFO] === Watcher démarré (mock=False, max_accounts/session=50) ===
2026-05-07 18:41:54,406 [INFO] --- Cycle 1 ---
2026-05-07 18:41:54,406 [WARNING] Session perdue pendant @creator_0 : session perdue → recovery.
2026-05-07 18:41:54,406 [ERROR] Watcher stoppé proprement (recovery KO) : recovery KO
2026-05-07 18:41:54,408 [INFO] === Watcher démarré (mock=False, max_accounts/session=50) ===
2026-05-07 18:41:54,409 [INFO] --- Cycle 1 ---
2026-05-07 18:41:54,409 [INFO] @newbie : bootstrap, mémorise last_post_id=first_id sans notification.
2026-05-07 18:41:54,410 [INFO] max_cycles=1 atteint, arrêt.
2026-05-07 18:41:54,411 [INFO] === Watcher démarré (mock=False, max_accounts/session=50) ===
2026-05-07 18:41:54,411 [INFO] --- Cycle 1 ---
2026-05-07 18:41:54,411 [INFO] @atelier_xyz : 3 commentaire(s) généré(s).
2026-05-07 18:41:54,412 [INFO] @atelier_xyz : last_post_id mis à jour -> fresh_post_id
2026-05-07 18:41:54,412 [INFO] max_cycles=1 atteint, arrêt.
2026-05-07 18:48:39,489 [INFO] check_new_post @u : bootstrap (last_post_id null) -> media_id=777
2026-05-07 18:48:39,490 [INFO] check_new_post @someone : nouveau post media_id=111 (précédent 000)
2026-05-07 18:48:39,493 [WARNING] check_new_post @testuser : session Instagram perdue (LoginRequired) — recovery.
2026-05-07 18:48:39,493 [WARNING] check_new_post @testuser : session Instagram perdue (PleaseWaitFewMinutes) — recovery.
2026-05-07 18:48:39,494 [WARNING] check_new_post @testuser : rate limit court Instagram (slow down), pause 30s puis retry
2026-05-07 18:48:39,497 [INFO] === Watcher démarré (mock=True, max_accounts/session=50) ===
2026-05-07 18:48:39,497 [INFO] --- Cycle 1 ---
2026-05-07 18:48:39,498 [INFO] @creator_a : 3 commentaire(s) généré(s).
2026-05-07 18:48:39,498 [INFO] [mock] notification Telegram skip (post=mock_post_creator_a)
2026-05-07 18:48:39,498 [INFO] @creator_a : last_post_id mis à jour -> mock_post_creator_a
2026-05-07 18:48:39,498 [INFO] @creator_b : t_type absent (Discovery requis), skip.
2026-05-07 18:48:39,498 [INFO] max_cycles=1 atteint, arrêt.
2026-05-07 18:48:39,500 [INFO] === Watcher démarré (mock=False, max_accounts/session=3) ===
2026-05-07 18:48:39,500 [INFO] --- Cycle 1 ---
2026-05-07 18:48:39,501 [INFO] Seuil de 3 comptes vérifiés atteint — pause 600s anti-flag.
2026-05-07 18:48:39,501 [INFO] max_cycles=1 atteint, arrêt.
2026-05-07 18:48:39,503 [INFO] === Watcher démarré (mock=False, max_accounts/session=50) ===
2026-05-07 18:48:39,503 [INFO] --- Cycle 1 ---
2026-05-07 18:48:39,503 [WARNING] Session perdue pendant @creator_0 : session expirée → recovery.
2026-05-07 18:48:39,504 [INFO] Reconnexion réussie, on continue le cycle.
2026-05-07 18:48:39,504 [INFO] @creator_1 : 3 commentaire(s) généré(s).
2026-05-07 18:48:39,504 [INFO] @creator_1 : last_post_id mis à jour -> fresh
2026-05-07 18:48:39,505 [INFO] max_cycles=1 atteint, arrêt.
2026-05-07 18:48:39,507 [INFO] === Watcher démarré (mock=False, max_accounts/session=50) ===
2026-05-07 18:48:39,507 [INFO] --- Cycle 1 ---
2026-05-07 18:48:39,508 [WARNING] Session perdue pendant @creator_0 : session perdue → recovery.
2026-05-07 18:48:39,508 [ERROR] Watcher stoppé proprement (recovery KO) : recovery KO
2026-05-07 18:48:39,510 [INFO] === Watcher démarré (mock=False, max_accounts/session=50) ===
2026-05-07 18:48:39,510 [INFO] --- Cycle 1 ---
2026-05-07 18:48:39,511 [INFO] @newbie : bootstrap, mémorise last_post_id=first_id sans notification.
2026-05-07 18:48:39,512 [INFO] max_cycles=1 atteint, arrêt.
2026-05-07 18:48:39,514 [INFO] === Watcher démarré (mock=False, max_accounts/session=50) ===
2026-05-07 18:48:39,514 [INFO] --- Cycle 1 ---
2026-05-07 18:48:39,514 [INFO] @atelier_xyz : 3 commentaire(s) généré(s).
2026-05-07 18:48:39,514 [INFO] @atelier_xyz : last_post_id mis à jour -> fresh_post_id
2026-05-07 18:48:39,515 [INFO] max_cycles=1 atteint, arrêt.
2026-05-07 19:00:22,988 [INFO] Fresh login Instagram pour @jaden34298
2026-05-07 19:00:22,988 [INFO] Fresh login : user-agent rotaté (Instagram 308.0.0.36.109)
2026-05-07 19:00:40,162 [ERROR] Auth refusée pour @jaden34298 : mauvais mot de passe.
2026-05-07 19:00:40,780 [INFO] Notification Telegram envoyée.
2026-05-07 19:05:21,602 [INFO] Fresh login Instagram pour @jaden34298
2026-05-07 19:05:21,603 [INFO] Fresh login : user-agent rotaté (Instagram 305.0.0.34.111)
2026-05-07 19:05:35,375 [ERROR] Auth refusée pour @jaden34298 : mauvais mot de passe.
2026-05-07 19:05:36,004 [INFO] Notification Telegram envoyée.
2026-05-07 19:07:48,970 [INFO] Fresh login Instagram pour @jaden34298
2026-05-07 19:07:48,971 [INFO] Fresh login : user-agent rotaté (Instagram 309.1.0.41.113)
2026-05-07 19:07:59,278 [ERROR] Auth refusée pour @jaden34298 : mauvais mot de passe.
2026-05-07 19:08:00,017 [INFO] Notification Telegram envoyée.
2026-05-07 22:45:16,413 [INFO] Fresh login Instagram pour @jaden34298
2026-05-07 22:45:16,414 [INFO] Fresh login : user-agent rotaté (Instagram 314.0.0.20.114)
2026-05-07 22:45:25,579 [ERROR] Auth refusée pour @jaden34298 : mauvais mot de passe.
2026-05-07 22:45:26,187 [INFO] Notification Telegram envoyée.
2026-05-07 22:51:44,257 [INFO] Fresh login Instagram pour @abaclavachaud
2026-05-07 22:51:44,258 [INFO] Fresh login : user-agent rotaté (Instagram 312.0.0.32.110)
2026-05-07 22:52:05,715 [INFO] Session Instagram sauvegardée → session.json
2026-05-07 22:56:24,672 [INFO] === Watcher démarré (mock=False, max_accounts/session=50) ===
2026-05-07 22:56:24,672 [INFO] --- Cycle 1 ---
2026-05-07 22:56:30,180 [INFO] Session Instagram réutilisée depuis session.json
2026-05-07 22:56:45,064 [INFO] check_new_post @clemdetrem : bootstrap (last_post_id null) -> media_id=3891041033532825107
2026-05-07 22:56:45,072 [INFO] @clemdetrem : bootstrap, mémorise last_post_id=3891041033532825107 sans notification.
2026-05-07 22:56:45,079 [INFO] max_cycles=1 atteint, arrêt.
2026-05-07 22:59:52,624 [INFO] === Watcher démarré (mock=False, max_accounts/session=50) ===
2026-05-07 22:59:52,625 [INFO] --- Cycle 1 ---
2026-05-07 22:59:58,089 [INFO] Session Instagram réutilisée depuis session.json
2026-05-07 23:00:13,041 [INFO] check_new_post @clemdetrem : nouveau post media_id=3891041033532825107 (précédent 0000000000000000000)
2026-05-07 23:00:47,094 [INFO] @clemdetrem : 3 commentaire(s) généré(s).
2026-05-07 23:00:48,106 [INFO] Telegram envoyée pour @clemdetrem
2026-05-07 23:00:48,107 [INFO] @clemdetrem : last_post_id mis à jour -> 3891041033532825107
2026-05-07 23:00:48,112 [INFO] max_cycles=1 atteint, arrêt.
2026-05-07 23:18:15,598 [INFO] check_new_post @u : bootstrap (last_post_id null) -> media_id=777
2026-05-07 23:18:15,599 [INFO] check_new_post @someone : nouveau post media_id=111 (précédent 000)
2026-05-07 23:18:15,602 [WARNING] check_new_post @testuser : session Instagram perdue (LoginRequired) — recovery.
2026-05-07 23:18:15,603 [WARNING] check_new_post @testuser : session Instagram perdue (PleaseWaitFewMinutes) — recovery.
2026-05-07 23:18:15,604 [WARNING] check_new_post @testuser : rate limit court Instagram (slow down), pause 30s puis retry
2026-05-07 23:18:15,605 [INFO] === Watcher démarré (mock=True, max_accounts/session=50) ===
2026-05-07 23:18:15,605 [INFO] --- Cycle 1 ---
2026-05-07 23:18:15,606 [INFO] @creator_a : 3 commentaire(s) généré(s).
2026-05-07 23:18:15,606 [INFO] [mock] notification Telegram skip (post=mock_post_creator_a)
2026-05-07 23:18:15,606 [INFO] @creator_a : last_post_id mis à jour -> mock_post_creator_a
2026-05-07 23:18:15,606 [INFO] @creator_b : t_type absent (Discovery requis), skip.
2026-05-07 23:18:15,606 [INFO] max_cycles=1 atteint, arrêt.
2026-05-07 23:18:15,609 [INFO] === Watcher démarré (mock=False, max_accounts/session=3) ===
2026-05-07 23:18:15,609 [INFO] --- Cycle 1 ---
2026-05-07 23:18:15,609 [INFO] Seuil de 3 comptes vérifiés atteint — pause 600s anti-flag.
2026-05-07 23:18:15,609 [INFO] max_cycles=1 atteint, arrêt.
2026-05-07 23:18:15,611 [INFO] === Watcher démarré (mock=False, max_accounts/session=50) ===
2026-05-07 23:18:15,611 [INFO] --- Cycle 1 ---
2026-05-07 23:18:15,611 [WARNING] Session perdue pendant @creator_0 : session expirée → recovery.
2026-05-07 23:18:15,612 [INFO] Reconnexion réussie, on continue le cycle.
2026-05-07 23:18:15,612 [INFO] @creator_1 : 3 commentaire(s) généré(s).
2026-05-07 23:18:15,612 [INFO] @creator_1 : last_post_id mis à jour -> fresh
2026-05-07 23:18:15,613 [INFO] max_cycles=1 atteint, arrêt.
2026-05-07 23:18:15,614 [INFO] === Watcher démarré (mock=False, max_accounts/session=50) ===
2026-05-07 23:18:15,615 [INFO] --- Cycle 1 ---
2026-05-07 23:18:15,615 [WARNING] Session perdue pendant @creator_0 : session perdue → recovery.
2026-05-07 23:18:15,615 [ERROR] Watcher stoppé proprement (recovery KO) : recovery KO
2026-05-07 23:18:15,617 [INFO] === Watcher démarré (mock=False, max_accounts/session=50) ===
2026-05-07 23:18:15,617 [INFO] --- Cycle 1 ---
2026-05-07 23:18:15,618 [INFO] @newbie : bootstrap, mémorise last_post_id=first_id sans notification.
2026-05-07 23:18:15,619 [INFO] max_cycles=1 atteint, arrêt.
2026-05-07 23:18:15,621 [INFO] === Watcher démarré (mock=False, max_accounts/session=50) ===
2026-05-07 23:18:15,621 [INFO] --- Cycle 1 ---
2026-05-07 23:18:15,621 [INFO] @atelier_xyz : 3 commentaire(s) généré(s).
2026-05-07 23:18:15,621 [INFO] @atelier_xyz : last_post_id mis à jour -> fresh_post_id
2026-05-07 23:18:15,622 [INFO] max_cycles=1 atteint, arrêt.
2026-05-07 23:22:06,561 [INFO] check_new_post @u : bootstrap (last_post_id null) -> media_id=777
2026-05-07 23:22:06,562 [INFO] check_new_post @someone : nouveau post media_id=111 (précédent 000)
2026-05-07 23:22:06,564 [WARNING] check_new_post @testuser : session Instagram perdue (LoginRequired) — recovery.
2026-05-07 23:22:06,564 [WARNING] check_new_post @testuser : session Instagram perdue (PleaseWaitFewMinutes) — recovery.
2026-05-07 23:22:06,566 [WARNING] check_new_post @testuser : rate limit court Instagram (slow down), pause 30s puis retry
2026-05-07 23:22:06,568 [INFO] === Watcher démarré (mock=True, max_accounts/session=50) ===
2026-05-07 23:22:06,568 [INFO] --- Cycle 1 ---
2026-05-07 23:22:06,569 [INFO] @creator_a : 3 commentaire(s) généré(s).
2026-05-07 23:22:06,569 [INFO] [mock] notification Telegram skip (post=mock_post_creator_a)
2026-05-07 23:22:06,569 [INFO] @creator_a : last_post_id mis à jour -> mock_post_creator_a
2026-05-07 23:22:06,569 [INFO] @creator_b : t_type absent (Discovery requis), skip.
2026-05-07 23:22:06,569 [INFO] max_cycles=1 atteint, arrêt.
2026-05-07 23:22:06,571 [INFO] === Watcher démarré (mock=False, max_accounts/session=3) ===
2026-05-07 23:22:06,571 [INFO] --- Cycle 1 ---
2026-05-07 23:22:06,572 [INFO] Seuil de 3 comptes vérifiés atteint — pause 600s anti-flag.
2026-05-07 23:22:06,572 [INFO] max_cycles=1 atteint, arrêt.
2026-05-07 23:22:06,574 [INFO] === Watcher démarré (mock=False, max_accounts/session=50) ===
2026-05-07 23:22:06,574 [INFO] --- Cycle 1 ---
2026-05-07 23:22:06,574 [WARNING] Session perdue pendant @creator_0 : session expirée → recovery.
2026-05-07 23:22:06,574 [INFO] Reconnexion réussie, on continue le cycle.
2026-05-07 23:22:06,574 [INFO] @creator_1 : 3 commentaire(s) généré(s).
2026-05-07 23:22:06,575 [INFO] @creator_1 : last_post_id mis à jour -> fresh
2026-05-07 23:22:06,575 [INFO] max_cycles=1 atteint, arrêt.
2026-05-07 23:22:06,577 [INFO] === Watcher démarré (mock=False, max_accounts/session=50) ===
2026-05-07 23:22:06,577 [INFO] --- Cycle 1 ---
2026-05-07 23:22:06,577 [WARNING] Session perdue pendant @creator_0 : session perdue → recovery.
2026-05-07 23:22:06,577 [ERROR] Watcher stoppé proprement (recovery KO) : recovery KO
2026-05-07 23:22:06,579 [INFO] === Watcher démarré (mock=False, max_accounts/session=50) ===
2026-05-07 23:22:06,579 [INFO] --- Cycle 1 ---
2026-05-07 23:22:06,579 [INFO] @newbie : bootstrap, mémorise last_post_id=first_id sans notification.
2026-05-07 23:22:06,580 [INFO] max_cycles=1 atteint, arrêt.
2026-05-07 23:22:06,581 [INFO] === Watcher démarré (mock=False, max_accounts/session=50) ===
2026-05-07 23:22:06,581 [INFO] --- Cycle 1 ---
2026-05-07 23:22:06,582 [INFO] @atelier_xyz : 3 commentaire(s) généré(s).
2026-05-07 23:22:06,582 [INFO] @atelier_xyz : last_post_id mis à jour -> fresh_post_id
2026-05-07 23:22:06,583 [INFO] max_cycles=1 atteint, arrêt.
2026-05-07 23:23:55,409 [INFO] Session Instagram réutilisée depuis session.json
2026-05-07 23:34:04,234 [INFO] check_new_post @u : bootstrap (last_post_id null) -> media_id=777
2026-05-07 23:34:04,235 [INFO] check_new_post @someone : nouveau post media_id=111 (précédent 000)
2026-05-07 23:34:04,237 [WARNING] check_new_post @testuser : session Instagram perdue (LoginRequired) — recovery.
2026-05-07 23:34:04,238 [WARNING] check_new_post @testuser : session Instagram perdue (PleaseWaitFewMinutes) — recovery.
2026-05-07 23:34:04,239 [WARNING] check_new_post @testuser : rate limit court Instagram (slow down), pause 30s puis retry
2026-05-07 23:34:04,240 [INFO] === Watcher démarré (mock=True, max_accounts/session=50) ===
2026-05-07 23:34:04,241 [INFO] --- Cycle 1 ---
2026-05-07 23:34:04,241 [INFO] @creator_a : 3 commentaire(s) généré(s).
2026-05-07 23:34:04,241 [INFO] [mock] notification Telegram skip (post=mock_post_creator_a)
2026-05-07 23:34:04,241 [INFO] @creator_a : last_post_id mis à jour -> mock_post_creator_a
2026-05-07 23:34:04,242 [INFO] @creator_b : t_type absent (Discovery requis), skip.
2026-05-07 23:34:04,242 [INFO] max_cycles=1 atteint, arrêt.
2026-05-07 23:34:04,244 [INFO] === Watcher démarré (mock=False, max_accounts/session=3) ===
2026-05-07 23:34:04,244 [INFO] --- Cycle 1 ---
2026-05-07 23:34:04,245 [INFO] Seuil de 3 comptes vérifiés atteint — pause 600s anti-flag.
2026-05-07 23:34:04,245 [INFO] max_cycles=1 atteint, arrêt.
2026-05-07 23:34:04,248 [INFO] === Watcher démarré (mock=False, max_accounts/session=50) ===
2026-05-07 23:34:04,248 [INFO] --- Cycle 1 ---
2026-05-07 23:34:04,248 [WARNING] Session perdue pendant @creator_0 : session expirée → recovery.
2026-05-07 23:34:04,248 [INFO] Reconnexion réussie, on continue le cycle.
2026-05-07 23:34:04,249 [INFO] @creator_1 : 3 commentaire(s) généré(s).
2026-05-07 23:34:04,249 [INFO] @creator_1 : last_post_id mis à jour -> fresh
2026-05-07 23:34:04,250 [INFO] max_cycles=1 atteint, arrêt.
2026-05-07 23:34:04,252 [INFO] === Watcher démarré (mock=False, max_accounts/session=50) ===
2026-05-07 23:34:04,252 [INFO] --- Cycle 1 ---
2026-05-07 23:34:04,252 [WARNING] Session perdue pendant @creator_0 : session perdue → recovery.
2026-05-07 23:34:04,253 [ERROR] Watcher stoppé proprement (recovery KO) : recovery KO
2026-05-07 23:34:04,255 [INFO] === Watcher démarré (mock=False, max_accounts/session=50) ===
2026-05-07 23:34:04,255 [INFO] --- Cycle 1 ---
2026-05-07 23:34:04,255 [INFO] @newbie : bootstrap, mémorise last_post_id=first_id sans notification.
2026-05-07 23:34:04,256 [INFO] max_cycles=1 atteint, arrêt.
2026-05-07 23:34:04,258 [INFO] === Watcher démarré (mock=False, max_accounts/session=50) ===
2026-05-07 23:34:04,258 [INFO] --- Cycle 1 ---
2026-05-07 23:34:04,258 [INFO] @atelier_xyz : 3 commentaire(s) généré(s).
2026-05-07 23:34:04,258 [INFO] @atelier_xyz : last_post_id mis à jour -> fresh_post_id
2026-05-07 23:34:04,259 [INFO] max_cycles=1 atteint, arrêt.
2026-05-07 23:35:05,101 [INFO] Session Instagram réutilisée depuis session.json
2026-05-07 23:48:39,491 [INFO] check_new_post @u : bootstrap (last_post_id null) -> media_id=777
2026-05-07 23:48:39,493 [INFO] check_new_post @someone : nouveau post media_id=111 (précédent 000)
2026-05-07 23:48:39,495 [WARNING] check_new_post @testuser : session Instagram perdue (LoginRequired) — recovery.
2026-05-07 23:48:39,496 [WARNING] check_new_post @testuser : session Instagram perdue (PleaseWaitFewMinutes) — recovery.
2026-05-07 23:48:39,498 [WARNING] check_new_post @testuser : rate limit court Instagram (slow down), pause 30s puis retry
2026-05-07 23:48:39,500 [INFO] === Watcher démarré (mock=True, max_accounts/session=50) ===
2026-05-07 23:48:39,500 [INFO] --- Cycle 1 ---
2026-05-07 23:48:39,501 [INFO] @creator_a : 3 commentaire(s) généré(s).
2026-05-07 23:48:39,501 [INFO] [mock] notification Telegram skip (post=mock_post_creator_a)
2026-05-07 23:48:39,501 [INFO] @creator_a : last_post_id mis à jour -> mock_post_creator_a
2026-05-07 23:48:39,502 [INFO] @creator_b : t_type absent (Discovery requis), skip.
2026-05-07 23:48:39,502 [INFO] max_cycles=1 atteint, arrêt.
2026-05-07 23:48:39,504 [INFO] === Watcher démarré (mock=False, max_accounts/session=3) ===
2026-05-07 23:48:39,504 [INFO] --- Cycle 1 ---
2026-05-07 23:48:39,505 [INFO] Seuil de 3 comptes vérifiés atteint — pause 600s anti-flag.
2026-05-07 23:48:39,505 [INFO] max_cycles=1 atteint, arrêt.
2026-05-07 23:48:39,507 [INFO] === Watcher démarré (mock=False, max_accounts/session=50) ===
2026-05-07 23:48:39,507 [INFO] --- Cycle 1 ---
2026-05-07 23:48:39,508 [WARNING] Session perdue pendant @creator_0 : session expirée → recovery.
2026-05-07 23:48:39,508 [INFO] Reconnexion réussie, on continue le cycle.
2026-05-07 23:48:39,508 [INFO] @creator_1 : 3 commentaire(s) généré(s).
2026-05-07 23:48:39,509 [INFO] @creator_1 : last_post_id mis à jour -> fresh
2026-05-07 23:48:39,510 [INFO] max_cycles=1 atteint, arrêt.
2026-05-07 23:48:39,511 [INFO] === Watcher démarré (mock=False, max_accounts/session=50) ===
2026-05-07 23:48:39,513 [INFO] --- Cycle 1 ---
2026-05-07 23:48:39,514 [WARNING] Session perdue pendant @creator_0 : session perdue → recovery.
2026-05-07 23:48:39,514 [ERROR] Watcher stoppé proprement (recovery KO) : recovery KO
2026-05-07 23:48:39,518 [INFO] === Watcher démarré (mock=False, max_accounts/session=50) ===
2026-05-07 23:48:39,518 [INFO] --- Cycle 1 ---
2026-05-07 23:48:39,518 [INFO] @newbie : bootstrap, mémorise last_post_id=first_id sans notification.
2026-05-07 23:48:39,521 [INFO] max_cycles=1 atteint, arrêt.
2026-05-07 23:48:39,524 [INFO] === Watcher démarré (mock=False, max_accounts/session=50) ===
2026-05-07 23:48:39,524 [INFO] --- Cycle 1 ---
2026-05-07 23:48:39,525 [INFO] @atelier_xyz : 3 commentaire(s) généré(s).
2026-05-07 23:48:39,525 [INFO] @atelier_xyz : last_post_id mis à jour -> fresh_post_id
2026-05-07 23:48:39,527 [INFO] max_cycles=1 atteint, arrêt.
2026-05-07 23:57:18,223 [INFO] Session Instagram réutilisée depuis session.json
2026-05-08 00:05:03,365 [INFO] check_new_post @u : bootstrap (last_post_id null) -> media_id=777
2026-05-08 00:05:03,365 [INFO] check_new_post @someone : nouveau post media_id=111 (précédent 000)
2026-05-08 00:05:03,367 [WARNING] check_new_post @testuser : session Instagram perdue (LoginRequired) — recovery.
2026-05-08 00:05:03,368 [WARNING] check_new_post @testuser : session Instagram perdue (PleaseWaitFewMinutes) — recovery.
2026-05-08 00:05:03,369 [WARNING] check_new_post @testuser : rate limit court Instagram (slow down), pause 30s puis retry
2026-05-08 00:05:03,370 [INFO] === Watcher démarré (mock=True, max_accounts/session=50) ===
2026-05-08 00:05:03,371 [INFO] --- Cycle 1 ---
2026-05-08 00:05:03,371 [INFO] @creator_a : 3 commentaire(s) généré(s).
2026-05-08 00:05:03,371 [INFO] [mock] notification Telegram skip (post=mock_post_creator_a)
2026-05-08 00:05:03,371 [INFO] @creator_a : last_post_id mis à jour -> mock_post_creator_a
2026-05-08 00:05:03,371 [INFO] @creator_b : t_type absent (Discovery requis), skip.
2026-05-08 00:05:03,371 [INFO] max_cycles=1 atteint, arrêt.
2026-05-08 00:05:03,374 [INFO] === Watcher démarré (mock=False, max_accounts/session=3) ===
2026-05-08 00:05:03,374 [INFO] --- Cycle 1 ---
2026-05-08 00:05:03,374 [INFO] Seuil de 3 comptes vérifiés atteint — pause 600s anti-flag.
2026-05-08 00:05:03,374 [INFO] max_cycles=1 atteint, arrêt.
2026-05-08 00:05:03,376 [INFO] === Watcher démarré (mock=False, max_accounts/session=50) ===
2026-05-08 00:05:03,376 [INFO] --- Cycle 1 ---
2026-05-08 00:05:03,376 [WARNING] Session perdue pendant @creator_0 : session expirée → recovery.
2026-05-08 00:05:03,377 [INFO] Reconnexion réussie, on continue le cycle.
2026-05-08 00:05:03,377 [INFO] @creator_1 : 3 commentaire(s) généré(s).
2026-05-08 00:05:03,377 [INFO] @creator_1 : last_post_id mis à jour -> fresh
2026-05-08 00:05:03,378 [INFO] max_cycles=1 atteint, arrêt.
2026-05-08 00:05:03,380 [INFO] === Watcher démarré (mock=False, max_accounts/session=50) ===
2026-05-08 00:05:03,380 [INFO] --- Cycle 1 ---
2026-05-08 00:05:03,380 [WARNING] Session perdue pendant @creator_0 : session perdue → recovery.
2026-05-08 00:05:03,380 [ERROR] Watcher stoppé proprement (recovery KO) : recovery KO
2026-05-08 00:05:03,382 [INFO] === Watcher démarré (mock=False, max_accounts/session=50) ===
2026-05-08 00:05:03,383 [INFO] --- Cycle 1 ---
2026-05-08 00:05:03,383 [INFO] @newbie : bootstrap, mémorise last_post_id=first_id sans notification.
2026-05-08 00:05:03,384 [INFO] max_cycles=1 atteint, arrêt.
2026-05-08 00:05:03,385 [INFO] === Watcher démarré (mock=False, max_accounts/session=50) ===
2026-05-08 00:05:03,385 [INFO] --- Cycle 1 ---
2026-05-08 00:05:03,385 [INFO] @atelier_xyz : 3 commentaire(s) généré(s).
2026-05-08 00:05:03,386 [INFO] @atelier_xyz : last_post_id mis à jour -> fresh_post_id
2026-05-08 00:05:03,386 [INFO] max_cycles=1 atteint, arrêt.
2026-05-08 00:07:31,042 [INFO] Session Instagram réutilisée depuis session.json
2026-05-08 00:17:54,816 [INFO] Session Instagram réutilisée depuis session.json
2026-05-08 00:52:40,201 [INFO] Session Instagram réutilisée depuis session.json
2026-05-08 01:16:52,722 [INFO] Session Instagram réutilisée depuis session.json
2026-05-08 01:37:20,134 [INFO] Session Instagram réutilisée depuis session.json
2026-05-08 01:54:55,404 [INFO] Session Instagram réutilisée depuis session.json
2026-05-08 09:53:11,592 [INFO] Session Instagram réutilisée depuis session.json
2026-05-08 15:19:30,021 [INFO] Session Instagram réutilisée depuis session.json
2026-05-08 16:36:51,788 [INFO] Session Instagram réutilisée depuis session.json
2026-05-08 16:58:22,120 [INFO] check_new_post @u : bootstrap (last_post_id null) -> media_id=777
2026-05-08 16:58:22,121 [INFO] check_new_post @someone : nouveau post media_id=111 (précédent 000)
2026-05-08 16:58:22,122 [WARNING] check_new_post @testuser : session Instagram perdue (LoginRequired) — recovery.
2026-05-08 16:58:22,123 [WARNING] check_new_post @testuser : session Instagram perdue (PleaseWaitFewMinutes) — recovery.
2026-05-08 16:58:22,124 [WARNING] check_new_post @testuser : rate limit court Instagram (slow down), pause 30s puis retry
2026-05-08 16:58:22,125 [INFO] === Watcher démarré (mock=True, max_accounts/session=50) ===
2026-05-08 16:58:22,125 [INFO] --- Cycle 1 ---
2026-05-08 16:58:22,125 [INFO] @creator_a : 3 commentaire(s) généré(s).
2026-05-08 16:58:22,125 [INFO] [mock] notification Telegram skip (post=mock_post_creator_a)
2026-05-08 16:58:22,125 [INFO] @creator_a : last_post_id mis à jour -> mock_post_creator_a
2026-05-08 16:58:22,126 [INFO] @creator_b : t_type absent (Discovery requis), skip.
2026-05-08 16:58:22,126 [INFO] max_cycles=1 atteint, arrêt.
2026-05-08 16:58:22,127 [INFO] === Watcher démarré (mock=False, max_accounts/session=3) ===
2026-05-08 16:58:22,127 [INFO] --- Cycle 1 ---
2026-05-08 16:58:22,128 [INFO] Seuil de 3 comptes vérifiés atteint — pause 600s anti-flag.
2026-05-08 16:58:22,128 [INFO] max_cycles=1 atteint, arrêt.
2026-05-08 16:58:22,130 [INFO] === Watcher démarré (mock=False, max_accounts/session=50) ===
2026-05-08 16:58:22,130 [INFO] --- Cycle 1 ---
2026-05-08 16:58:22,130 [WARNING] Session perdue pendant @creator_0 : session expirée → recovery.
2026-05-08 16:58:22,130 [INFO] Reconnexion réussie, on continue le cycle.
2026-05-08 16:58:22,130 [INFO] @creator_1 : 3 commentaire(s) généré(s).
2026-05-08 16:58:22,130 [INFO] @creator_1 : last_post_id mis à jour -> fresh
2026-05-08 16:58:22,131 [INFO] max_cycles=1 atteint, arrêt.
2026-05-08 16:58:22,132 [INFO] === Watcher démarré (mock=False, max_accounts/session=50) ===
2026-05-08 16:58:22,132 [INFO] --- Cycle 1 ---
2026-05-08 16:58:22,133 [WARNING] Session perdue pendant @creator_0 : session perdue → recovery.
2026-05-08 16:58:22,133 [ERROR] Watcher stoppé proprement (recovery KO) : recovery KO
2026-05-08 16:58:22,135 [INFO] === Watcher démarré (mock=False, max_accounts/session=50) ===
2026-05-08 16:58:22,135 [INFO] --- Cycle 1 ---
2026-05-08 16:58:22,135 [INFO] @newbie : bootstrap, mémorise last_post_id=first_id sans notification.
2026-05-08 16:58:22,136 [INFO] max_cycles=1 atteint, arrêt.
2026-05-08 16:58:22,137 [INFO] === Watcher démarré (mock=False, max_accounts/session=50) ===
2026-05-08 16:58:22,137 [INFO] --- Cycle 1 ---
2026-05-08 16:58:22,137 [INFO] @atelier_xyz : 3 commentaire(s) généré(s).
2026-05-08 16:58:22,137 [INFO] @atelier_xyz : last_post_id mis à jour -> fresh_post_id
2026-05-08 16:58:22,138 [INFO] max_cycles=1 atteint, arrêt.
2026-05-08 17:23:18,974 [INFO] Session Instagram réutilisée depuis session.json
2026-05-08 17:23:32,483 [INFO] Session Instagram réutilisée depuis session.json
2026-05-08 17:23:38,633 [INFO] check_new_post @u : bootstrap (last_post_id null) -> media_id=777
2026-05-08 17:23:38,634 [INFO] check_new_post @someone : nouveau post media_id=111 (précédent 000)
2026-05-08 17:23:38,635 [WARNING] check_new_post @testuser : session Instagram perdue (LoginRequired) — recovery.
2026-05-08 17:23:38,636 [WARNING] check_new_post @testuser : session Instagram perdue (PleaseWaitFewMinutes) — recovery.
2026-05-08 17:23:38,637 [WARNING] check_new_post @testuser : rate limit court Instagram (slow down), pause 30s puis retry
2026-05-08 17:23:38,638 [INFO] === Watcher démarré (mock=True, max_accounts/session=50) ===
2026-05-08 17:23:38,638 [INFO] --- Cycle 1 ---
2026-05-08 17:23:38,638 [INFO] @creator_a : 3 commentaire(s) généré(s).
2026-05-08 17:23:38,638 [INFO] [mock] notification Telegram skip (post=mock_post_creator_a)
2026-05-08 17:23:38,639 [INFO] @creator_a : last_post_id mis à jour -> mock_post_creator_a
2026-05-08 17:23:38,639 [INFO] @creator_b : t_type absent (Discovery requis), skip.
2026-05-08 17:23:38,639 [INFO] max_cycles=1 atteint, arrêt.
2026-05-08 17:23:38,641 [INFO] === Watcher démarré (mock=False, max_accounts/session=3) ===
2026-05-08 17:23:38,641 [INFO] --- Cycle 1 ---
2026-05-08 17:23:38,641 [INFO] Seuil de 3 comptes vérifiés atteint — pause 600s anti-flag.
2026-05-08 17:23:38,641 [INFO] max_cycles=1 atteint, arrêt.
2026-05-08 17:23:38,643 [INFO] === Watcher démarré (mock=False, max_accounts/session=50) ===
2026-05-08 17:23:38,643 [INFO] --- Cycle 1 ---
2026-05-08 17:23:38,643 [WARNING] Session perdue pendant @creator_0 : session expirée → recovery.
2026-05-08 17:23:38,643 [INFO] Reconnexion réussie, on continue le cycle.
2026-05-08 17:23:38,644 [INFO] @creator_1 : 3 commentaire(s) généré(s).
2026-05-08 17:23:38,644 [INFO] @creator_1 : last_post_id mis à jour -> fresh
2026-05-08 17:23:38,645 [INFO] max_cycles=1 atteint, arrêt.
2026-05-08 17:23:38,646 [INFO] === Watcher démarré (mock=False, max_accounts/session=50) ===
2026-05-08 17:23:38,646 [INFO] --- Cycle 1 ---
2026-05-08 17:23:38,646 [WARNING] Session perdue pendant @creator_0 : session perdue → recovery.
2026-05-08 17:23:38,646 [ERROR] Watcher stoppé proprement (recovery KO) : recovery KO
2026-05-08 17:23:38,648 [INFO] === Watcher démarré (mock=False, max_accounts/session=50) ===
2026-05-08 17:23:38,648 [INFO] --- Cycle 1 ---
2026-05-08 17:23:38,648 [INFO] @newbie : bootstrap, mémorise last_post_id=first_id sans notification.
2026-05-08 17:23:38,648 [INFO] max_cycles=1 atteint, arrêt.
2026-05-08 17:23:38,650 [INFO] === Watcher démarré (mock=False, max_accounts/session=50) ===
2026-05-08 17:23:38,650 [INFO] --- Cycle 1 ---
2026-05-08 17:23:38,650 [INFO] @atelier_xyz : 3 commentaire(s) généré(s).
2026-05-08 17:23:38,650 [INFO] @atelier_xyz : last_post_id mis à jour -> fresh_post_id
2026-05-08 17:23:38,651 [INFO] max_cycles=1 atteint, arrêt.
2026-05-08 17:40:41,513 [INFO] Session Instagram réutilisée depuis session.json
2026-05-08 17:40:54,655 [INFO] Session Instagram réutilisée depuis session.json
2026-05-08 17:41:00,618 [INFO] check_new_post @u : bootstrap (last_post_id null) -> media_id=777
2026-05-08 17:41:00,620 [INFO] check_new_post @someone : nouveau post media_id=111 (précédent 000)
2026-05-08 17:41:00,622 [WARNING] check_new_post @testuser : session Instagram perdue (LoginRequired) — recovery.
2026-05-08 17:41:00,624 [WARNING] check_new_post @testuser : session Instagram perdue (PleaseWaitFewMinutes) — recovery.
2026-05-08 17:41:00,625 [WARNING] check_new_post @testuser : rate limit court Instagram (slow down), pause 30s puis retry
2026-05-08 17:41:00,628 [INFO] === Watcher démarré (mock=True, max_accounts/session=50) ===
2026-05-08 17:41:00,628 [INFO] --- Cycle 1 ---
2026-05-08 17:41:00,629 [INFO] @creator_a : 3 commentaire(s) généré(s).
2026-05-08 17:41:00,629 [INFO] [mock] notification Telegram skip (post=mock_post_creator_a)
2026-05-08 17:41:00,629 [INFO] @creator_a : last_post_id mis à jour -> mock_post_creator_a
2026-05-08 17:41:00,629 [INFO] @creator_b : t_type absent (Discovery requis), skip.
2026-05-08 17:41:00,629 [INFO] max_cycles=1 atteint, arrêt.
2026-05-08 17:41:00,634 [INFO] === Watcher démarré (mock=False, max_accounts/session=3) ===
2026-05-08 17:41:00,634 [INFO] --- Cycle 1 ---
2026-05-08 17:41:00,635 [INFO] Seuil de 3 comptes vérifiés atteint — pause 600s anti-flag.
2026-05-08 17:41:00,635 [INFO] max_cycles=1 atteint, arrêt.
2026-05-08 17:41:00,638 [INFO] === Watcher démarré (mock=False, max_accounts/session=50) ===
2026-05-08 17:41:00,638 [INFO] --- Cycle 1 ---
2026-05-08 17:41:00,638 [WARNING] Session perdue pendant @creator_0 : session expirée → recovery.
2026-05-08 17:41:00,638 [INFO] Reconnexion réussie, on continue le cycle.
2026-05-08 17:41:00,638 [INFO] @creator_1 : 3 commentaire(s) généré(s).
2026-05-08 17:41:00,639 [INFO] @creator_1 : last_post_id mis à jour -> fresh
2026-05-08 17:41:00,640 [INFO] max_cycles=1 atteint, arrêt.
2026-05-08 17:41:00,642 [INFO] === Watcher démarré (mock=False, max_accounts/session=50) ===
2026-05-08 17:41:00,642 [INFO] --- Cycle 1 ---
2026-05-08 17:41:00,643 [WARNING] Session perdue pendant @creator_0 : session perdue → recovery.
2026-05-08 17:41:00,643 [ERROR] Watcher stoppé proprement (recovery KO) : recovery KO
2026-05-08 17:41:00,646 [INFO] === Watcher démarré (mock=False, max_accounts/session=50) ===
2026-05-08 17:41:00,646 [INFO] --- Cycle 1 ---
2026-05-08 17:41:00,646 [INFO] @newbie : bootstrap, mémorise last_post_id=first_id sans notification.
2026-05-08 17:41:00,647 [INFO] max_cycles=1 atteint, arrêt.
2026-05-08 17:41:00,651 [INFO] === Watcher démarré (mock=False, max_accounts/session=50) ===
2026-05-08 17:41:00,651 [INFO] --- Cycle 1 ---
2026-05-08 17:41:00,652 [INFO] @atelier_xyz : 3 commentaire(s) généré(s).
2026-05-08 17:41:00,652 [INFO] @atelier_xyz : last_post_id mis à jour -> fresh_post_id
2026-05-08 17:41:00,654 [INFO] max_cycles=1 atteint, arrêt.
2026-05-08 22:44:28,110 [INFO] check_new_post @u : bootstrap (last_post_id null) -> media_id=777
2026-05-08 22:44:28,111 [INFO] check_new_post @someone : nouveau post media_id=111 (précédent 000)
2026-05-08 22:44:28,112 [WARNING] check_new_post @testuser : session Instagram perdue (LoginRequired) — recovery.
2026-05-08 22:44:28,113 [WARNING] check_new_post @testuser : session Instagram perdue (PleaseWaitFewMinutes) — recovery.
2026-05-08 22:44:28,114 [WARNING] check_new_post @testuser : rate limit court Instagram (slow down), pause 30s puis retry
2026-05-08 22:44:28,120 [INFO] === Watcher démarré (mock=True, max_accounts/session=50) ===
2026-05-08 22:44:28,120 [INFO] --- Cycle 1 ---
2026-05-08 22:44:28,121 [INFO] @creator_a : 3 commentaire(s) généré(s).
2026-05-08 22:44:28,121 [INFO] [mock] notification Telegram skip (post=mock_post_creator_a)
2026-05-08 22:44:28,121 [INFO] @creator_a : last_post_id mis à jour -> mock_post_creator_a
2026-05-08 22:44:28,121 [INFO] @creator_b : t_type absent (Discovery requis), skip.
2026-05-08 22:44:28,121 [INFO] max_cycles=1 atteint, arrêt.
2026-05-08 22:44:28,124 [INFO] === Watcher démarré (mock=False, max_accounts/session=3) ===
2026-05-08 22:44:28,124 [INFO] --- Cycle 1 ---
2026-05-08 22:44:28,125 [INFO] Seuil de 3 comptes vérifiés atteint — pause 600s anti-flag.
2026-05-08 22:44:28,125 [INFO] max_cycles=1 atteint, arrêt.
2026-05-08 22:44:28,126 [INFO] === Watcher démarré (mock=False, max_accounts/session=50) ===
2026-05-08 22:44:28,126 [INFO] --- Cycle 1 ---
2026-05-08 22:44:28,127 [WARNING] Session perdue pendant @creator_0 : session expirée → recovery.
2026-05-08 22:44:28,127 [INFO] Reconnexion réussie, on continue le cycle.
2026-05-08 22:44:28,127 [INFO] @creator_1 : 3 commentaire(s) généré(s).
2026-05-08 22:44:28,127 [INFO] @creator_1 : last_post_id mis à jour -> fresh
2026-05-08 22:44:28,128 [INFO] max_cycles=1 atteint, arrêt.
2026-05-08 22:44:28,129 [INFO] === Watcher démarré (mock=False, max_accounts/session=50) ===
2026-05-08 22:44:28,129 [INFO] --- Cycle 1 ---
2026-05-08 22:44:28,130 [WARNING] Session perdue pendant @creator_0 : session perdue → recovery.
2026-05-08 22:44:28,130 [ERROR] Watcher stoppé proprement (recovery KO) : recovery KO
2026-05-08 22:44:28,131 [INFO] === Watcher démarré (mock=False, max_accounts/session=50) ===
2026-05-08 22:44:28,131 [INFO] --- Cycle 1 ---
2026-05-08 22:44:28,132 [INFO] @newbie : bootstrap, mémorise last_post_id=first_id sans notification.
2026-05-08 22:44:28,132 [INFO] max_cycles=1 atteint, arrêt.
2026-05-08 22:44:28,134 [INFO] === Watcher démarré (mock=False, max_accounts/session=50) ===
2026-05-08 22:44:28,134 [INFO] --- Cycle 1 ---
2026-05-08 22:44:28,134 [INFO] @atelier_xyz : 3 commentaire(s) généré(s).
2026-05-08 22:44:28,134 [INFO] @atelier_xyz : last_post_id mis à jour -> fresh_post_id
2026-05-08 22:44:28,135 [INFO] max_cycles=1 atteint, arrêt.
2026-05-08 22:47:15,668 [INFO] check_new_post @u : bootstrap (last_post_id null) -> media_id=777
2026-05-08 22:47:15,669 [INFO] check_new_post @someone : nouveau post media_id=111 (précédent 000)
2026-05-08 22:47:15,671 [WARNING] check_new_post @testuser : session Instagram perdue (LoginRequired) — recovery.
2026-05-08 22:47:15,672 [WARNING] check_new_post @testuser : session Instagram perdue (PleaseWaitFewMinutes) — recovery.
2026-05-08 22:47:15,672 [WARNING] check_new_post @testuser : rate limit court Instagram (slow down), pause 30s puis retry
2026-05-08 22:47:15,676 [INFO] === Watcher démarré (mock=True, max_accounts/session=50) ===
2026-05-08 22:47:15,676 [INFO] --- Cycle 1 ---
2026-05-08 22:47:15,676 [INFO] @creator_a : 3 commentaire(s) généré(s).
2026-05-08 22:47:15,676 [INFO] [mock] notification Telegram skip (post=mock_post_creator_a)
2026-05-08 22:47:15,677 [INFO] @creator_a : last_post_id mis à jour -> mock_post_creator_a
2026-05-08 22:47:15,677 [INFO] @creator_b : t_type absent (Discovery requis), skip.
2026-05-08 22:47:15,677 [INFO] max_cycles=1 atteint, arrêt.
2026-05-08 22:47:15,679 [INFO] === Watcher démarré (mock=False, max_accounts/session=3) ===
2026-05-08 22:47:15,679 [INFO] --- Cycle 1 ---
2026-05-08 22:47:15,679 [INFO] Seuil de 3 comptes vérifiés atteint — pause 600s anti-flag.
2026-05-08 22:47:15,679 [INFO] max_cycles=1 atteint, arrêt.
2026-05-08 22:47:15,681 [INFO] === Watcher démarré (mock=False, max_accounts/session=50) ===
2026-05-08 22:47:15,681 [INFO] --- Cycle 1 ---
2026-05-08 22:47:15,681 [WARNING] Session perdue pendant @creator_0 : session expirée → recovery.
2026-05-08 22:47:15,681 [INFO] Reconnexion réussie, on continue le cycle.
2026-05-08 22:47:15,681 [INFO] @creator_1 : 3 commentaire(s) généré(s).
2026-05-08 22:47:15,682 [INFO] @creator_1 : last_post_id mis à jour -> fresh
2026-05-08 22:47:15,682 [INFO] max_cycles=1 atteint, arrêt.
2026-05-08 22:47:15,684 [INFO] === Watcher démarré (mock=False, max_accounts/session=50) ===
2026-05-08 22:47:15,684 [INFO] --- Cycle 1 ---
2026-05-08 22:47:15,684 [WARNING] Session perdue pendant @creator_0 : session perdue → recovery.
2026-05-08 22:47:15,684 [ERROR] Watcher stoppé proprement (recovery KO) : recovery KO
2026-05-08 22:47:15,686 [INFO] === Watcher démarré (mock=False, max_accounts/session=50) ===
2026-05-08 22:47:15,686 [INFO] --- Cycle 1 ---
2026-05-08 22:47:15,686 [INFO] @newbie : bootstrap, mémorise last_post_id=first_id sans notification.
2026-05-08 22:47:15,687 [INFO] max_cycles=1 atteint, arrêt.
2026-05-08 22:47:15,689 [INFO] === Watcher démarré (mock=False, max_accounts/session=50) ===
2026-05-08 22:47:15,689 [INFO] --- Cycle 1 ---
2026-05-08 22:47:15,689 [INFO] @atelier_xyz : 3 commentaire(s) généré(s).
2026-05-08 22:47:15,689 [INFO] @atelier_xyz : last_post_id mis à jour -> fresh_post_id
2026-05-08 22:47:15,690 [INFO] max_cycles=1 atteint, arrêt.
2026-05-08 22:47:32,492 [INFO] Session Instagram réutilisée depuis session.json
2026-05-08 22:47:50,643 [INFO] Session Instagram réutilisée depuis session.json
2026-05-08 22:48:03,460 [INFO] check_new_post @u : bootstrap (last_post_id null) -> media_id=777
2026-05-08 22:48:03,460 [INFO] check_new_post @someone : nouveau post media_id=111 (précédent 000)
2026-05-08 22:48:03,462 [WARNING] check_new_post @testuser : session Instagram perdue (LoginRequired) — recovery.
2026-05-08 22:48:03,462 [WARNING] check_new_post @testuser : session Instagram perdue (PleaseWaitFewMinutes) — recovery.
2026-05-08 22:48:03,464 [WARNING] check_new_post @testuser : rate limit court Instagram (slow down), pause 30s puis retry
2026-05-08 22:48:03,468 [INFO] === Watcher démarré (mock=True, max_accounts/session=50) ===
2026-05-08 22:48:03,468 [INFO] --- Cycle 1 ---
2026-05-08 22:48:03,468 [INFO] @creator_a : 3 commentaire(s) généré(s).
2026-05-08 22:48:03,469 [INFO] [mock] notification Telegram skip (post=mock_post_creator_a)
2026-05-08 22:48:03,469 [INFO] @creator_a : last_post_id mis à jour -> mock_post_creator_a
2026-05-08 22:48:03,469 [INFO] @creator_b : t_type absent (Discovery requis), skip.
2026-05-08 22:48:03,469 [INFO] max_cycles=1 atteint, arrêt.
2026-05-08 22:48:03,470 [INFO] === Watcher démarré (mock=False, max_accounts/session=3) ===
2026-05-08 22:48:03,470 [INFO] --- Cycle 1 ---
2026-05-08 22:48:03,471 [INFO] Seuil de 3 comptes vérifiés atteint — pause 600s anti-flag.
2026-05-08 22:48:03,471 [INFO] max_cycles=1 atteint, arrêt.
2026-05-08 22:48:03,473 [INFO] === Watcher démarré (mock=False, max_accounts/session=50) ===
2026-05-08 22:48:03,473 [INFO] --- Cycle 1 ---
2026-05-08 22:48:03,474 [WARNING] Session perdue pendant @creator_0 : session expirée → recovery.
2026-05-08 22:48:03,474 [INFO] Reconnexion réussie, on continue le cycle.
2026-05-08 22:48:03,474 [INFO] @creator_1 : 3 commentaire(s) généré(s).
2026-05-08 22:48:03,474 [INFO] @creator_1 : last_post_id mis à jour -> fresh
2026-05-08 22:48:03,475 [INFO] max_cycles=1 atteint, arrêt.
2026-05-08 22:48:03,476 [INFO] === Watcher démarré (mock=False, max_accounts/session=50) ===
2026-05-08 22:48:03,477 [INFO] --- Cycle 1 ---
2026-05-08 22:48:03,477 [WARNING] Session perdue pendant @creator_0 : session perdue → recovery.
2026-05-08 22:48:03,477 [ERROR] Watcher stoppé proprement (recovery KO) : recovery KO
2026-05-08 22:48:03,479 [INFO] === Watcher démarré (mock=False, max_accounts/session=50) ===
2026-05-08 22:48:03,479 [INFO] --- Cycle 1 ---
2026-05-08 22:48:03,479 [INFO] @newbie : bootstrap, mémorise last_post_id=first_id sans notification.
2026-05-08 22:48:03,480 [INFO] max_cycles=1 atteint, arrêt.
2026-05-08 22:48:03,481 [INFO] === Watcher démarré (mock=False, max_accounts/session=50) ===
2026-05-08 22:48:03,481 [INFO] --- Cycle 1 ---
2026-05-08 22:48:03,482 [INFO] @atelier_xyz : 3 commentaire(s) généré(s).
2026-05-08 22:48:03,482 [INFO] @atelier_xyz : last_post_id mis à jour -> fresh_post_id
2026-05-08 22:48:03,483 [INFO] max_cycles=1 atteint, arrêt.
2026-05-08 22:55:19,324 [INFO] Session Instagram réutilisée depuis session.json
2026-05-08 22:55:30,879 [INFO] Session Instagram réutilisée depuis session.json
2026-05-08 22:55:37,797 [INFO] check_new_post @u : bootstrap (last_post_id null) -> media_id=777
2026-05-08 22:55:37,798 [INFO] check_new_post @someone : nouveau post media_id=111 (précédent 000)
2026-05-08 22:55:37,799 [WARNING] check_new_post @testuser : session Instagram perdue (LoginRequired) — recovery.
2026-05-08 22:55:37,800 [WARNING] check_new_post @testuser : session Instagram perdue (PleaseWaitFewMinutes) — recovery.
2026-05-08 22:55:37,800 [WARNING] check_new_post @testuser : rate limit court Instagram (slow down), pause 30s puis retry
2026-05-08 22:55:37,807 [INFO] === Watcher démarré (mock=True, max_accounts/session=50) ===
2026-05-08 22:55:37,807 [INFO] --- Cycle 1 ---
2026-05-08 22:55:37,807 [INFO] @creator_a : 3 commentaire(s) généré(s).
2026-05-08 22:55:37,807 [INFO] [mock] notification Telegram skip (post=mock_post_creator_a)
2026-05-08 22:55:37,808 [INFO] @creator_a : last_post_id mis à jour -> mock_post_creator_a
2026-05-08 22:55:37,808 [INFO] @creator_b : t_type absent (Discovery requis), skip.
2026-05-08 22:55:37,808 [INFO] max_cycles=1 atteint, arrêt.
2026-05-08 22:55:37,809 [INFO] === Watcher démarré (mock=False, max_accounts/session=3) ===
2026-05-08 22:55:37,809 [INFO] --- Cycle 1 ---
2026-05-08 22:55:37,810 [INFO] Seuil de 3 comptes vérifiés atteint — pause 600s anti-flag.
2026-05-08 22:55:37,810 [INFO] max_cycles=1 atteint, arrêt.
2026-05-08 22:55:37,811 [INFO] === Watcher démarré (mock=False, max_accounts/session=50) ===
2026-05-08 22:55:37,811 [INFO] --- Cycle 1 ---
2026-05-08 22:55:37,811 [WARNING] Session perdue pendant @creator_0 : session expirée → recovery.
2026-05-08 22:55:37,812 [INFO] Reconnexion réussie, on continue le cycle.
2026-05-08 22:55:37,812 [INFO] @creator_1 : 3 commentaire(s) généré(s).
2026-05-08 22:55:37,812 [INFO] @creator_1 : last_post_id mis à jour -> fresh
2026-05-08 22:55:37,813 [INFO] max_cycles=1 atteint, arrêt.
2026-05-08 22:55:37,814 [INFO] === Watcher démarré (mock=False, max_accounts/session=50) ===
2026-05-08 22:55:37,814 [INFO] --- Cycle 1 ---
2026-05-08 22:55:37,814 [WARNING] Session perdue pendant @creator_0 : session perdue → recovery.
2026-05-08 22:55:37,814 [ERROR] Watcher stoppé proprement (recovery KO) : recovery KO
2026-05-08 22:55:37,816 [INFO] === Watcher démarré (mock=False, max_accounts/session=50) ===
2026-05-08 22:55:37,816 [INFO] --- Cycle 1 ---
2026-05-08 22:55:37,816 [INFO] @newbie : bootstrap, mémorise last_post_id=first_id sans notification.
2026-05-08 22:55:37,817 [INFO] max_cycles=1 atteint, arrêt.
2026-05-08 22:55:37,818 [INFO] === Watcher démarré (mock=False, max_accounts/session=50) ===
2026-05-08 22:55:37,818 [INFO] --- Cycle 1 ---
2026-05-08 22:55:37,819 [INFO] @atelier_xyz : 3 commentaire(s) généré(s).
2026-05-08 22:55:37,819 [INFO] @atelier_xyz : last_post_id mis à jour -> fresh_post_id
2026-05-08 22:55:37,820 [INFO] max_cycles=1 atteint, arrêt.
2026-05-08 23:53:22,815 [INFO] Fresh login Instagram pour @uvd875yjd98
2026-05-08 23:53:22,817 [INFO] Fresh login : user-agent rotaté (Instagram 312.0.0.32.110)
2026-05-08 23:53:33,123 [ERROR] Auth refusée pour @uvd875yjd98 : mauvais mot de passe.
2026-05-08 23:53:34,106 [INFO] Notification Telegram envoyée.
2026-05-08 23:57:24,987 [INFO] Fresh login Instagram pour @uvd875yjd98
2026-05-08 23:57:24,988 [INFO] Fresh login : user-agent rotaté (Instagram 308.0.0.36.109)
2026-05-08 23:57:32,665 [ERROR] Auth refusée pour @uvd875yjd98 : mauvais mot de passe.
2026-05-08 23:57:33,565 [INFO] Notification Telegram envoyée.
2026-05-09 00:01:04,164 [INFO] Fresh login Instagram pour @uvd875yjd98
2026-05-09 00:01:04,165 [INFO] Fresh login : user-agent rotaté (Instagram 314.0.0.20.114)
2026-05-09 00:01:13,455 [ERROR] Auth refusée pour @uvd875yjd98 : mauvais mot de passe.
2026-05-09 00:01:14,712 [INFO] Notification Telegram envoyée.
2026-05-09 00:02:34,337 [INFO] Fresh login Instagram pour @abaclavachaud
2026-05-09 00:02:34,338 [INFO] Fresh login : user-agent rotaté (Instagram 312.0.0.32.110)
2026-05-09 00:02:53,767 [INFO] Session Instagram sauvegardée → session.json
2026-05-09 00:04:10,646 [INFO] Session Instagram réutilisée depuis session.json
2026-05-09 00:15:33,865 [INFO] Session Instagram réutilisée depuis session.json
2026-05-09 00:17:38,879 [INFO] Session Instagram réutilisée depuis session.json
2026-05-09 00:36:17,115 [INFO] Session Instagram réutilisée depuis session.json
2026-05-09 00:36:30,280 [INFO] Session Instagram réutilisée depuis session.json
2026-05-09 00:36:36,628 [INFO] check_new_post @u : bootstrap (last_post_id null) -> media_id=777
2026-05-09 00:36:36,629 [INFO] check_new_post @someone : nouveau post media_id=111 (précédent 000)
2026-05-09 00:36:36,631 [WARNING] check_new_post @testuser : session Instagram perdue (LoginRequired) — recovery.
2026-05-09 00:36:36,631 [WARNING] check_new_post @testuser : session Instagram perdue (PleaseWaitFewMinutes) — recovery.
2026-05-09 00:36:36,632 [WARNING] check_new_post @testuser : rate limit court Instagram (slow down), pause 30s puis retry
2026-05-09 00:36:36,634 [INFO] === Watcher démarré (mock=True, max_accounts/session=50) ===
2026-05-09 00:36:36,634 [INFO] --- Cycle 1 ---
2026-05-09 00:36:36,634 [INFO] @creator_a : 3 commentaire(s) généré(s).
2026-05-09 00:36:36,634 [INFO] [mock] notification Telegram skip (post=mock_post_creator_a)
2026-05-09 00:36:36,634 [INFO] @creator_a : last_post_id mis à jour -> mock_post_creator_a
2026-05-09 00:36:36,634 [INFO] @creator_b : t_type absent (Discovery requis), skip.
2026-05-09 00:36:36,634 [INFO] max_cycles=1 atteint, arrêt.
2026-05-09 00:36:36,636 [INFO] === Watcher démarré (mock=False, max_accounts/session=3) ===
2026-05-09 00:36:36,636 [INFO] --- Cycle 1 ---
2026-05-09 00:36:36,636 [INFO] Seuil de 3 comptes vérifiés atteint — pause 600s anti-flag.
2026-05-09 00:36:36,637 [INFO] max_cycles=1 atteint, arrêt.
2026-05-09 00:36:36,639 [INFO] === Watcher démarré (mock=False, max_accounts/session=50) ===
2026-05-09 00:36:36,639 [INFO] --- Cycle 1 ---
2026-05-09 00:36:36,639 [WARNING] Session perdue pendant @creator_0 : session expirée → recovery.
2026-05-09 00:36:36,646 [INFO] Reconnexion réussie, on continue le cycle.
2026-05-09 00:36:36,646 [INFO] @creator_1 : 3 commentaire(s) généré(s).
2026-05-09 00:36:36,646 [INFO] @creator_1 : last_post_id mis à jour -> fresh
2026-05-09 00:36:36,647 [INFO] max_cycles=1 atteint, arrêt.
2026-05-09 00:36:36,648 [INFO] === Watcher démarré (mock=False, max_accounts/session=50) ===
2026-05-09 00:36:36,648 [INFO] --- Cycle 1 ---
2026-05-09 00:36:36,649 [WARNING] Session perdue pendant @creator_0 : session perdue → recovery.
2026-05-09 00:36:36,650 [ERROR] Watcher stoppé proprement (recovery KO) : recovery KO
2026-05-09 00:36:36,652 [INFO] === Watcher démarré (mock=False, max_accounts/session=50) ===
2026-05-09 00:36:36,652 [INFO] --- Cycle 1 ---
2026-05-09 00:36:36,652 [INFO] @newbie : bootstrap, mémorise last_post_id=first_id sans notification.
2026-05-09 00:36:36,653 [INFO] max_cycles=1 atteint, arrêt.
2026-05-09 00:36:36,655 [INFO] === Watcher démarré (mock=False, max_accounts/session=50) ===
2026-05-09 00:36:36,655 [INFO] --- Cycle 1 ---
2026-05-09 00:36:36,655 [INFO] @atelier_xyz : 3 commentaire(s) généré(s).
2026-05-09 00:36:36,655 [INFO] @atelier_xyz : last_post_id mis à jour -> fresh_post_id
2026-05-09 00:36:36,656 [INFO] max_cycles=1 atteint, arrêt.
2026-05-09 00:36:49,553 [INFO] Session Instagram réutilisée depuis session.json
2026-05-09 00:37:01,975 [INFO] Session Instagram réutilisée depuis session.json
2026-05-09 00:37:08,638 [INFO] check_new_post @u : bootstrap (last_post_id null) -> media_id=777
2026-05-09 00:37:08,639 [INFO] check_new_post @someone : nouveau post media_id=111 (précédent 000)
2026-05-09 00:37:08,640 [WARNING] check_new_post @testuser : session Instagram perdue (LoginRequired) — recovery.
2026-05-09 00:37:08,641 [WARNING] check_new_post @testuser : session Instagram perdue (PleaseWaitFewMinutes) — recovery.
2026-05-09 00:37:08,642 [WARNING] check_new_post @testuser : rate limit court Instagram (slow down), pause 30s puis retry
2026-05-09 00:37:08,644 [INFO] === Watcher démarré (mock=True, max_accounts/session=50) ===
2026-05-09 00:37:08,644 [INFO] --- Cycle 1 ---
2026-05-09 00:37:08,644 [INFO] @creator_a : 3 commentaire(s) généré(s).
2026-05-09 00:37:08,644 [INFO] [mock] notification Telegram skip (post=mock_post_creator_a)
2026-05-09 00:37:08,644 [INFO] @creator_a : last_post_id mis à jour -> mock_post_creator_a
2026-05-09 00:37:08,644 [INFO] @creator_b : t_type absent (Discovery requis), skip.
2026-05-09 00:37:08,644 [INFO] max_cycles=1 atteint, arrêt.
2026-05-09 00:37:08,646 [INFO] === Watcher démarré (mock=False, max_accounts/session=3) ===
2026-05-09 00:37:08,646 [INFO] --- Cycle 1 ---
2026-05-09 00:37:08,646 [INFO] Seuil de 3 comptes vérifiés atteint — pause 600s anti-flag.
2026-05-09 00:37:08,646 [INFO] max_cycles=1 atteint, arrêt.
2026-05-09 00:37:08,647 [INFO] === Watcher démarré (mock=False, max_accounts/session=50) ===
2026-05-09 00:37:08,647 [INFO] --- Cycle 1 ---
2026-05-09 00:37:08,648 [WARNING] Session perdue pendant @creator_0 : session expirée → recovery.
2026-05-09 00:37:08,652 [INFO] Reconnexion réussie, on continue le cycle.
2026-05-09 00:37:08,653 [INFO] @creator_1 : 3 commentaire(s) généré(s).
2026-05-09 00:37:08,653 [INFO] @creator_1 : last_post_id mis à jour -> fresh
2026-05-09 00:37:08,653 [INFO] max_cycles=1 atteint, arrêt.
2026-05-09 00:37:08,655 [INFO] === Watcher démarré (mock=False, max_accounts/session=50) ===
2026-05-09 00:37:08,655 [INFO] --- Cycle 1 ---
2026-05-09 00:37:08,655 [WARNING] Session perdue pendant @creator_0 : session perdue → recovery.
2026-05-09 00:37:08,657 [ERROR] Watcher stoppé proprement (recovery KO) : recovery KO
2026-05-09 00:37:08,659 [INFO] === Watcher démarré (mock=False, max_accounts/session=50) ===
2026-05-09 00:37:08,659 [INFO] --- Cycle 1 ---
2026-05-09 00:37:08,659 [INFO] @newbie : bootstrap, mémorise last_post_id=first_id sans notification.
2026-05-09 00:37:08,660 [INFO] max_cycles=1 atteint, arrêt.
2026-05-09 00:37:08,661 [INFO] === Watcher démarré (mock=False, max_accounts/session=50) ===
2026-05-09 00:37:08,662 [INFO] --- Cycle 1 ---
2026-05-09 00:37:08,662 [INFO] @atelier_xyz : 3 commentaire(s) généré(s).
2026-05-09 00:37:08,662 [INFO] @atelier_xyz : last_post_id mis à jour -> fresh_post_id
2026-05-09 00:37:08,663 [INFO] max_cycles=1 atteint, arrêt.
2026-05-09 00:37:41,267 [INFO] Session Instagram réutilisée depuis session.json
2026-05-09 00:37:52,847 [INFO] Session Instagram réutilisée depuis session.json
2026-05-09 00:38:03,415 [INFO] check_new_post @u : bootstrap (last_post_id null) -> media_id=777
2026-05-09 00:38:03,416 [INFO] check_new_post @someone : nouveau post media_id=111 (précédent 000)
2026-05-09 00:38:03,418 [WARNING] check_new_post @testuser : session Instagram perdue (LoginRequired) — recovery.
2026-05-09 00:38:03,419 [WARNING] check_new_post @testuser : session Instagram perdue (PleaseWaitFewMinutes) — recovery.
2026-05-09 00:38:03,419 [WARNING] check_new_post @testuser : rate limit court Instagram (slow down), pause 30s puis retry
2026-05-09 00:38:03,421 [INFO] === Watcher démarré (mock=True, max_accounts/session=50) ===
2026-05-09 00:38:03,421 [INFO] --- Cycle 1 ---
2026-05-09 00:38:03,422 [INFO] @creator_a : 3 commentaire(s) généré(s).
2026-05-09 00:38:03,422 [INFO] [mock] notification Telegram skip (post=mock_post_creator_a)
2026-05-09 00:38:03,422 [INFO] @creator_a : last_post_id mis à jour -> mock_post_creator_a
2026-05-09 00:38:03,422 [INFO] @creator_b : t_type absent (Discovery requis), skip.
2026-05-09 00:38:03,422 [INFO] max_cycles=1 atteint, arrêt.
2026-05-09 00:38:03,423 [INFO] === Watcher démarré (mock=False, max_accounts/session=3) ===
2026-05-09 00:38:03,424 [INFO] --- Cycle 1 ---
2026-05-09 00:38:03,424 [INFO] Seuil de 3 comptes vérifiés atteint — pause 600s anti-flag.
2026-05-09 00:38:03,424 [INFO] max_cycles=1 atteint, arrêt.
2026-05-09 00:38:03,425 [INFO] === Watcher démarré (mock=False, max_accounts/session=50) ===
2026-05-09 00:38:03,425 [INFO] --- Cycle 1 ---
2026-05-09 00:38:03,426 [WARNING] Session perdue pendant @creator_0 : session expirée → recovery.
2026-05-09 00:38:03,426 [INFO] Reconnexion réussie, on continue le cycle.
2026-05-09 00:38:03,426 [INFO] @creator_1 : 3 commentaire(s) généré(s).
2026-05-09 00:38:03,426 [INFO] @creator_1 : last_post_id mis à jour -> fresh
2026-05-09 00:38:03,427 [INFO] max_cycles=1 atteint, arrêt.
2026-05-09 00:38:03,428 [INFO] === Watcher démarré (mock=False, max_accounts/session=50) ===
2026-05-09 00:38:03,428 [INFO] --- Cycle 1 ---
2026-05-09 00:38:03,428 [WARNING] Session perdue pendant @creator_0 : session perdue → recovery.
2026-05-09 00:38:03,428 [ERROR] Watcher stoppé proprement (recovery KO) : recovery KO
2026-05-09 00:38:03,430 [INFO] === Watcher démarré (mock=False, max_accounts/session=50) ===
2026-05-09 00:38:03,430 [INFO] --- Cycle 1 ---
2026-05-09 00:38:03,430 [INFO] @newbie : bootstrap, mémorise last_post_id=first_id sans notification.
2026-05-09 00:38:03,431 [INFO] max_cycles=1 atteint, arrêt.
2026-05-09 00:38:03,432 [INFO] === Watcher démarré (mock=False, max_accounts/session=50) ===
2026-05-09 00:38:03,432 [INFO] --- Cycle 1 ---
2026-05-09 00:38:03,432 [INFO] @atelier_xyz : 3 commentaire(s) généré(s).
2026-05-09 00:38:03,432 [INFO] @atelier_xyz : last_post_id mis à jour -> fresh_post_id
2026-05-09 00:38:03,433 [INFO] max_cycles=1 atteint, arrêt.
2026-05-09 00:38:28,628 [INFO] Session Instagram réutilisée depuis session.json
2026-05-09 00:38:40,211 [INFO] Session Instagram réutilisée depuis session.json
2026-05-09 00:38:47,612 [INFO] check_new_post @u : bootstrap (last_post_id null) -> media_id=777
2026-05-09 00:38:47,612 [INFO] check_new_post @someone : nouveau post media_id=111 (précédent 000)
2026-05-09 00:38:47,614 [WARNING] check_new_post @testuser : session Instagram perdue (LoginRequired) — recovery.
2026-05-09 00:38:47,614 [WARNING] check_new_post @testuser : session Instagram perdue (PleaseWaitFewMinutes) — recovery.
2026-05-09 00:38:47,615 [WARNING] check_new_post @testuser : rate limit court Instagram (slow down), pause 30s puis retry
2026-05-09 00:38:47,617 [INFO] === Watcher démarré (mock=True, max_accounts/session=50) ===
2026-05-09 00:38:47,617 [INFO] --- Cycle 1 ---
2026-05-09 00:38:47,617 [INFO] @creator_a : 3 commentaire(s) généré(s).
2026-05-09 00:38:47,617 [INFO] [mock] notification Telegram skip (post=mock_post_creator_a)
2026-05-09 00:38:47,617 [INFO] @creator_a : last_post_id mis à jour -> mock_post_creator_a
2026-05-09 00:38:47,617 [INFO] @creator_b : t_type absent (Discovery requis), skip.
2026-05-09 00:38:47,617 [INFO] max_cycles=1 atteint, arrêt.
2026-05-09 00:38:47,619 [INFO] === Watcher démarré (mock=False, max_accounts/session=3) ===
2026-05-09 00:38:47,619 [INFO] --- Cycle 1 ---
2026-05-09 00:38:47,619 [INFO] Seuil de 3 comptes vérifiés atteint — pause 600s anti-flag.
2026-05-09 00:38:47,619 [INFO] max_cycles=1 atteint, arrêt.
2026-05-09 00:38:47,620 [INFO] === Watcher démarré (mock=False, max_accounts/session=50) ===
2026-05-09 00:38:47,621 [INFO] --- Cycle 1 ---
2026-05-09 00:38:47,621 [WARNING] Session perdue pendant @creator_0 : session expirée → recovery.
2026-05-09 00:38:47,621 [INFO] Reconnexion réussie, on continue le cycle.
2026-05-09 00:38:47,621 [INFO] @creator_1 : 3 commentaire(s) généré(s).
2026-05-09 00:38:47,621 [INFO] @creator_1 : last_post_id mis à jour -> fresh
2026-05-09 00:38:47,622 [INFO] max_cycles=1 atteint, arrêt.
2026-05-09 00:38:47,623 [INFO] === Watcher démarré (mock=False, max_accounts/session=50) ===
2026-05-09 00:38:47,623 [INFO] --- Cycle 1 ---
2026-05-09 00:38:47,623 [WARNING] Session perdue pendant @creator_0 : session perdue → recovery.
2026-05-09 00:38:47,623 [ERROR] Watcher stoppé proprement (recovery KO) : recovery KO
2026-05-09 00:38:47,625 [INFO] === Watcher démarré (mock=False, max_accounts/session=50) ===
2026-05-09 00:38:47,625 [INFO] --- Cycle 1 ---
2026-05-09 00:38:47,625 [INFO] @newbie : bootstrap, mémorise last_post_id=first_id sans notification.
2026-05-09 00:38:47,626 [INFO] max_cycles=1 atteint, arrêt.
2026-05-09 00:38:47,627 [INFO] === Watcher démarré (mock=False, max_accounts/session=50) ===
2026-05-09 00:38:47,627 [INFO] --- Cycle 1 ---
2026-05-09 00:38:47,628 [INFO] @atelier_xyz : 3 commentaire(s) généré(s).
2026-05-09 00:38:47,628 [INFO] @atelier_xyz : last_post_id mis à jour -> fresh_post_id
2026-05-09 00:38:47,628 [INFO] max_cycles=1 atteint, arrêt.
2026-05-09 00:40:58,482 [INFO] Session Instagram réutilisée depuis session.json
2026-05-09 00:51:52,861 [INFO] Session Instagram réutilisée depuis session.json
2026-05-09 00:52:03,703 [INFO] Session Instagram réutilisée depuis session.json
2026-05-09 00:52:27,471 [INFO] Session Instagram réutilisée depuis session.json
2026-05-09 00:52:44,534 [INFO] Session Instagram réutilisée depuis session.json
2026-05-09 00:52:50,273 [INFO] check_new_post @u : bootstrap (last_post_id null) -> media_id=777
2026-05-09 00:52:50,274 [INFO] check_new_post @someone : nouveau post media_id=111 (précédent 000)
2026-05-09 00:52:50,275 [WARNING] check_new_post @testuser : session Instagram perdue (LoginRequired) — recovery.
2026-05-09 00:52:50,276 [WARNING] check_new_post @testuser : session Instagram perdue (PleaseWaitFewMinutes) — recovery.
2026-05-09 00:52:50,276 [WARNING] check_new_post @testuser : rate limit court Instagram (slow down), pause 30s puis retry
2026-05-09 00:52:50,278 [INFO] === Watcher démarré (mock=True, max_accounts/session=50) ===
2026-05-09 00:52:50,278 [INFO] --- Cycle 1 ---
2026-05-09 00:52:50,278 [INFO] @creator_a : 3 commentaire(s) généré(s).
2026-05-09 00:52:50,278 [INFO] [mock] notification Telegram skip (post=mock_post_creator_a)
2026-05-09 00:52:50,279 [INFO] @creator_a : last_post_id mis à jour -> mock_post_creator_a
2026-05-09 00:52:50,279 [INFO] @creator_b : t_type absent (Discovery requis), skip.
2026-05-09 00:52:50,279 [INFO] max_cycles=1 atteint, arrêt.
2026-05-09 00:52:50,280 [INFO] === Watcher démarré (mock=False, max_accounts/session=3) ===
2026-05-09 00:52:50,280 [INFO] --- Cycle 1 ---
2026-05-09 00:52:50,280 [INFO] Seuil de 3 comptes vérifiés atteint — pause 600s anti-flag.
2026-05-09 00:52:50,281 [INFO] max_cycles=1 atteint, arrêt.
2026-05-09 00:52:50,284 [INFO] === Watcher démarré (mock=False, max_accounts/session=50) ===
2026-05-09 00:52:50,284 [INFO] --- Cycle 1 ---
2026-05-09 00:52:50,285 [WARNING] Session perdue pendant @creator_0 : session expirée → recovery.
2026-05-09 00:52:50,285 [INFO] Reconnexion réussie, on continue le cycle.
2026-05-09 00:52:50,285 [INFO] @creator_1 : 3 commentaire(s) généré(s).
2026-05-09 00:52:50,285 [INFO] @creator_1 : last_post_id mis à jour -> fresh
2026-05-09 00:52:50,286 [INFO] max_cycles=1 atteint, arrêt.
2026-05-09 00:52:50,287 [INFO] === Watcher démarré (mock=False, max_accounts/session=50) ===
2026-05-09 00:52:50,287 [INFO] --- Cycle 1 ---
2026-05-09 00:52:50,287 [WARNING] Session perdue pendant @creator_0 : session perdue → recovery.
2026-05-09 00:52:50,288 [ERROR] Watcher stoppé proprement (recovery KO) : recovery KO
2026-05-09 00:52:50,289 [INFO] === Watcher démarré (mock=False, max_accounts/session=50) ===
2026-05-09 00:52:50,289 [INFO] --- Cycle 1 ---
2026-05-09 00:52:50,289 [INFO] @newbie : bootstrap, mémorise last_post_id=first_id sans notification.
2026-05-09 00:52:50,290 [INFO] max_cycles=1 atteint, arrêt.
2026-05-09 00:52:50,291 [INFO] === Watcher démarré (mock=False, max_accounts/session=50) ===
2026-05-09 00:52:50,291 [INFO] --- Cycle 1 ---
2026-05-09 00:52:50,291 [INFO] @atelier_xyz : 3 commentaire(s) généré(s).
2026-05-09 00:52:50,291 [INFO] @atelier_xyz : last_post_id mis à jour -> fresh_post_id
2026-05-09 00:52:50,292 [INFO] max_cycles=1 atteint, arrêt.
2026-05-09 00:54:35,506 [INFO] Session Instagram réutilisée depuis session.json
2026-05-09 00:55:11,670 [INFO] Session Instagram réutilisée depuis session.json
2026-05-09 00:56:58,931 [INFO] Session Instagram réutilisée depuis session.json
2026-05-09 01:07:35,779 [INFO] Session Instagram réutilisée depuis session.json
2026-05-09 01:17:11,034 [INFO] Session Instagram réutilisée depuis session.json
2026-05-09 01:17:49,800 [INFO] Session Instagram réutilisée depuis session.json
2026-05-09 08:36:44,824 [INFO] Session Instagram réutilisée depuis session.json
2026-05-09 08:43:52,714 [INFO] Session Instagram réutilisée depuis session.json
2026-05-09 09:43:11,945 [INFO] Session Instagram réutilisée depuis session.json
2026-05-09 10:23:38,874 [INFO] Session Instagram réutilisée depuis session.json
2026-05-09 10:24:33,676 [INFO] Session Instagram réutilisée depuis session.json
2026-05-09 10:25:33,158 [INFO] Session Instagram réutilisée depuis session.json
2026-05-09 10:25:50,116 [INFO] Session Instagram réutilisée depuis session.json
2026-05-09 10:58:46,087 [INFO] Session Instagram réutilisée depuis session.json
2026-05-09 10:58:58,199 [INFO] Session Instagram réutilisée depuis session.json
2026-05-09 10:59:03,399 [INFO] check_new_post @u : bootstrap (last_post_id null) -> media_id=777
2026-05-09 10:59:03,401 [INFO] check_new_post @someone : nouveau post media_id=111 (précédent 000)
2026-05-09 10:59:03,404 [WARNING] check_new_post @testuser : session Instagram perdue (LoginRequired) — recovery.
2026-05-09 10:59:03,405 [WARNING] check_new_post @testuser : session Instagram perdue (PleaseWaitFewMinutes) — recovery.
2026-05-09 10:59:03,406 [WARNING] check_new_post @testuser : rate limit court Instagram (slow down), pause 30s puis retry
2026-05-09 10:59:03,412 [INFO] === Watcher démarré (mock=True, max_accounts/session=50) ===
2026-05-09 10:59:03,412 [INFO] --- Cycle 1 ---
2026-05-09 10:59:03,413 [INFO] @creator_a : 3 commentaire(s) généré(s).
2026-05-09 10:59:03,414 [INFO] [mock] notification Telegram skip (post=mock_post_creator_a)
2026-05-09 10:59:03,414 [INFO] @creator_a : last_post_id mis à jour -> mock_post_creator_a
2026-05-09 10:59:03,414 [INFO] @creator_b : t_type absent (Discovery requis), skip.
2026-05-09 10:59:03,414 [INFO] max_cycles=1 atteint, arrêt.
2026-05-09 10:59:03,417 [INFO] === Watcher démarré (mock=False, max_accounts/session=3) ===
2026-05-09 10:59:03,417 [INFO] --- Cycle 1 ---
2026-05-09 10:59:03,418 [INFO] Seuil de 3 comptes vérifiés atteint — pause 600s anti-flag.
2026-05-09 10:59:03,418 [INFO] max_cycles=1 atteint, arrêt.
2026-05-09 10:59:03,421 [INFO] === Watcher démarré (mock=False, max_accounts/session=50) ===
2026-05-09 10:59:03,421 [INFO] --- Cycle 1 ---
2026-05-09 10:59:03,422 [WARNING] Session perdue pendant @creator_0 : session expirée → recovery.
2026-05-09 10:59:03,422 [INFO] Reconnexion réussie, on continue le cycle.
2026-05-09 10:59:03,422 [INFO] @creator_1 : 3 commentaire(s) généré(s).
2026-05-09 10:59:03,423 [INFO] @creator_1 : last_post_id mis à jour -> fresh
2026-05-09 10:59:03,424 [INFO] max_cycles=1 atteint, arrêt.
2026-05-09 10:59:03,429 [INFO] === Watcher démarré (mock=False, max_accounts/session=50) ===
2026-05-09 10:59:03,430 [INFO] --- Cycle 1 ---
2026-05-09 10:59:03,430 [WARNING] Session perdue pendant @creator_0 : session perdue → recovery.
2026-05-09 10:59:03,430 [ERROR] Watcher stoppé proprement (recovery KO) : recovery KO
2026-05-09 10:59:03,433 [INFO] === Watcher démarré (mock=False, max_accounts/session=50) ===
2026-05-09 10:59:03,433 [INFO] --- Cycle 1 ---
2026-05-09 10:59:03,434 [INFO] @newbie : bootstrap, mémorise last_post_id=first_id sans notification.
2026-05-09 10:59:03,435 [INFO] max_cycles=1 atteint, arrêt.
2026-05-09 10:59:03,437 [INFO] === Watcher démarré (mock=False, max_accounts/session=50) ===
2026-05-09 10:59:03,437 [INFO] --- Cycle 1 ---
2026-05-09 10:59:03,437 [INFO] @atelier_xyz : 3 commentaire(s) généré(s).
2026-05-09 10:59:03,437 [INFO] @atelier_xyz : last_post_id mis à jour -> fresh_post_id
2026-05-09 10:59:03,438 [INFO] max_cycles=1 atteint, arrêt.
2026-05-09 11:02:05,779 [INFO] Session Instagram réutilisée depuis session.json
2026-05-09 11:02:18,102 [INFO] Session Instagram réutilisée depuis session.json
2026-05-09 11:02:24,623 [INFO] check_new_post @u : bootstrap (last_post_id null) -> media_id=777
2026-05-09 11:02:24,625 [INFO] check_new_post @someone : nouveau post media_id=111 (précédent 000)
2026-05-09 11:02:24,629 [WARNING] check_new_post @testuser : session Instagram perdue (LoginRequired) — recovery.
2026-05-09 11:02:24,629 [WARNING] check_new_post @testuser : session Instagram perdue (PleaseWaitFewMinutes) — recovery.
2026-05-09 11:02:24,630 [WARNING] check_new_post @testuser : rate limit court Instagram (slow down), pause 30s puis retry
2026-05-09 11:02:24,634 [INFO] === Watcher démarré (mock=True, max_accounts/session=50) ===
2026-05-09 11:02:24,634 [INFO] --- Cycle 1 ---
2026-05-09 11:02:24,634 [INFO] @creator_a : 3 commentaire(s) généré(s).
2026-05-09 11:02:24,634 [INFO] [mock] notification Telegram skip (post=mock_post_creator_a)
2026-05-09 11:02:24,634 [INFO] @creator_a : last_post_id mis à jour -> mock_post_creator_a
2026-05-09 11:02:24,635 [INFO] @creator_b : t_type absent (Discovery requis), skip.
2026-05-09 11:02:24,635 [INFO] max_cycles=1 atteint, arrêt.
2026-05-09 11:02:24,638 [INFO] === Watcher démarré (mock=False, max_accounts/session=3) ===
2026-05-09 11:02:24,638 [INFO] --- Cycle 1 ---
2026-05-09 11:02:24,639 [INFO] Seuil de 3 comptes vérifiés atteint — pause 600s anti-flag.
2026-05-09 11:02:24,639 [INFO] max_cycles=1 atteint, arrêt.
2026-05-09 11:02:24,641 [INFO] === Watcher démarré (mock=False, max_accounts/session=50) ===
2026-05-09 11:02:24,641 [INFO] --- Cycle 1 ---
2026-05-09 11:02:24,642 [WARNING] Session perdue pendant @creator_0 : session expirée → recovery.
2026-05-09 11:02:24,643 [INFO] Reconnexion réussie, on continue le cycle.
2026-05-09 11:02:24,643 [INFO] @creator_1 : 3 commentaire(s) généré(s).
2026-05-09 11:02:24,643 [INFO] @creator_1 : last_post_id mis à jour -> fresh
2026-05-09 11:02:24,644 [INFO] max_cycles=1 atteint, arrêt.
2026-05-09 11:02:24,646 [INFO] === Watcher démarré (mock=False, max_accounts/session=50) ===
2026-05-09 11:02:24,646 [INFO] --- Cycle 1 ---
2026-05-09 11:02:24,647 [WARNING] Session perdue pendant @creator_0 : session perdue → recovery.
2026-05-09 11:02:24,647 [ERROR] Watcher stoppé proprement (recovery KO) : recovery KO
2026-05-09 11:02:24,649 [INFO] === Watcher démarré (mock=False, max_accounts/session=50) ===
2026-05-09 11:02:24,649 [INFO] --- Cycle 1 ---
2026-05-09 11:02:24,650 [INFO] @newbie : bootstrap, mémorise last_post_id=first_id sans notification.
2026-05-09 11:02:24,650 [INFO] max_cycles=1 atteint, arrêt.
2026-05-09 11:02:24,652 [INFO] === Watcher démarré (mock=False, max_accounts/session=50) ===
2026-05-09 11:02:24,652 [INFO] --- Cycle 1 ---
2026-05-09 11:02:24,653 [INFO] @atelier_xyz : 3 commentaire(s) généré(s).
2026-05-09 11:02:24,653 [INFO] @atelier_xyz : last_post_id mis à jour -> fresh_post_id
2026-05-09 11:02:24,654 [INFO] max_cycles=1 atteint, arrêt.
2026-05-09 11:10:49,583 [INFO] Session Instagram réutilisée depuis session.json
2026-05-09 11:11:02,603 [INFO] Session Instagram réutilisée depuis session.json
2026-05-09 11:11:08,946 [INFO] check_new_post @u : bootstrap (last_post_id null) -> media_id=777
2026-05-09 11:11:08,947 [INFO] check_new_post @someone : nouveau post media_id=111 (précédent 000)
2026-05-09 11:11:08,949 [WARNING] check_new_post @testuser : session Instagram perdue (LoginRequired) — recovery.
2026-05-09 11:11:08,950 [WARNING] check_new_post @testuser : session Instagram perdue (PleaseWaitFewMinutes) — recovery.
2026-05-09 11:11:08,951 [WARNING] check_new_post @testuser : rate limit court Instagram (slow down), pause 30s puis retry
2026-05-09 11:11:08,955 [INFO] === Watcher démarré (mock=True, max_accounts/session=50) ===
2026-05-09 11:11:08,955 [INFO] --- Cycle 1 ---
2026-05-09 11:11:08,956 [INFO] @creator_a : 3 commentaire(s) généré(s).
2026-05-09 11:11:08,956 [INFO] [mock] notification Telegram skip (post=mock_post_creator_a)
2026-05-09 11:11:08,956 [INFO] @creator_a : last_post_id mis à jour -> mock_post_creator_a
2026-05-09 11:11:08,956 [INFO] @creator_b : t_type absent (Discovery requis), skip.
2026-05-09 11:11:08,956 [INFO] max_cycles=1 atteint, arrêt.
2026-05-09 11:11:08,959 [INFO] === Watcher démarré (mock=False, max_accounts/session=3) ===
2026-05-09 11:11:08,960 [INFO] --- Cycle 1 ---
2026-05-09 11:11:08,960 [INFO] Seuil de 3 comptes vérifiés atteint — pause 600s anti-flag.
2026-05-09 11:11:08,960 [INFO] max_cycles=1 atteint, arrêt.
2026-05-09 11:11:08,963 [INFO] === Watcher démarré (mock=False, max_accounts/session=50) ===
2026-05-09 11:11:08,963 [INFO] --- Cycle 1 ---
2026-05-09 11:11:08,963 [WARNING] Session perdue pendant @creator_0 : session expirée → recovery.
2026-05-09 11:11:08,963 [INFO] Reconnexion réussie, on continue le cycle.
2026-05-09 11:11:08,964 [INFO] @creator_1 : 3 commentaire(s) généré(s).
2026-05-09 11:11:08,964 [INFO] @creator_1 : last_post_id mis à jour -> fresh
2026-05-09 11:11:08,965 [INFO] max_cycles=1 atteint, arrêt.
2026-05-09 11:11:08,966 [INFO] === Watcher démarré (mock=False, max_accounts/session=50) ===
2026-05-09 11:11:08,966 [INFO] --- Cycle 1 ---
2026-05-09 11:11:08,967 [WARNING] Session perdue pendant @creator_0 : session perdue → recovery.
2026-05-09 11:11:08,967 [ERROR] Watcher stoppé proprement (recovery KO) : recovery KO
2026-05-09 11:11:08,970 [INFO] === Watcher démarré (mock=False, max_accounts/session=50) ===
2026-05-09 11:11:08,970 [INFO] --- Cycle 1 ---
2026-05-09 11:11:08,970 [INFO] @newbie : bootstrap, mémorise last_post_id=first_id sans notification.
2026-05-09 11:11:08,971 [INFO] max_cycles=1 atteint, arrêt.
2026-05-09 11:11:08,974 [INFO] === Watcher démarré (mock=False, max_accounts/session=50) ===
2026-05-09 11:11:08,974 [INFO] --- Cycle 1 ---
2026-05-09 11:11:08,974 [INFO] @atelier_xyz : 3 commentaire(s) généré(s).
2026-05-09 11:11:08,974 [INFO] @atelier_xyz : last_post_id mis à jour -> fresh_post_id
2026-05-09 11:11:08,975 [INFO] max_cycles=1 atteint, arrêt.
2026-05-09 11:15:35,159 [INFO] Session Instagram réutilisée depuis session.json
2026-05-09 11:15:46,073 [INFO] Session Instagram réutilisée depuis session.json
2026-05-09 11:15:52,673 [INFO] check_new_post @u : bootstrap (last_post_id null) -> media_id=777
2026-05-09 11:15:52,674 [INFO] check_new_post @someone : nouveau post media_id=111 (précédent 000)
2026-05-09 11:15:52,677 [WARNING] check_new_post @testuser : session Instagram perdue (LoginRequired) — recovery.
2026-05-09 11:15:52,677 [WARNING] check_new_post @testuser : session Instagram perdue (PleaseWaitFewMinutes) — recovery.
2026-05-09 11:15:52,682 [WARNING] check_new_post @testuser : rate limit court Instagram (slow down), pause 30s puis retry
2026-05-09 11:15:52,686 [INFO] === Watcher démarré (mock=True, max_accounts/session=50) ===
2026-05-09 11:15:52,686 [INFO] --- Cycle 1 ---
2026-05-09 11:15:52,686 [INFO] @creator_a : 3 commentaire(s) généré(s).
2026-05-09 11:15:52,687 [INFO] [mock] notification Telegram skip (post=mock_post_creator_a)
2026-05-09 11:15:52,687 [INFO] @creator_a : last_post_id mis à jour -> mock_post_creator_a
2026-05-09 11:15:52,687 [INFO] @creator_b : t_type absent (Discovery requis), skip.
2026-05-09 11:15:52,687 [INFO] max_cycles=1 atteint, arrêt.
2026-05-09 11:15:52,690 [INFO] === Watcher démarré (mock=False, max_accounts/session=3) ===
2026-05-09 11:15:52,690 [INFO] --- Cycle 1 ---
2026-05-09 11:15:52,691 [INFO] Seuil de 3 comptes vérifiés atteint — pause 600s anti-flag.
2026-05-09 11:15:52,691 [INFO] max_cycles=1 atteint, arrêt.
2026-05-09 11:15:52,693 [INFO] === Watcher démarré (mock=False, max_accounts/session=50) ===
2026-05-09 11:15:52,694 [INFO] --- Cycle 1 ---
2026-05-09 11:15:52,694 [WARNING] Session perdue pendant @creator_0 : session expirée → recovery.
2026-05-09 11:15:52,694 [INFO] Reconnexion réussie, on continue le cycle.
2026-05-09 11:15:52,694 [INFO] @creator_1 : 3 commentaire(s) généré(s).
2026-05-09 11:15:52,695 [INFO] @creator_1 : last_post_id mis à jour -> fresh
2026-05-09 11:15:52,696 [INFO] max_cycles=1 atteint, arrêt.
2026-05-09 11:15:52,698 [INFO] === Watcher démarré (mock=False, max_accounts/session=50) ===
2026-05-09 11:15:52,698 [INFO] --- Cycle 1 ---
2026-05-09 11:15:52,698 [WARNING] Session perdue pendant @creator_0 : session perdue → recovery.
2026-05-09 11:15:52,698 [ERROR] Watcher stoppé proprement (recovery KO) : recovery KO
2026-05-09 11:15:52,701 [INFO] === Watcher démarré (mock=False, max_accounts/session=50) ===
2026-05-09 11:15:52,701 [INFO] --- Cycle 1 ---
2026-05-09 11:15:52,701 [INFO] @newbie : bootstrap, mémorise last_post_id=first_id sans notification.
2026-05-09 11:15:52,702 [INFO] max_cycles=1 atteint, arrêt.
2026-05-09 11:15:52,705 [INFO] === Watcher démarré (mock=False, max_accounts/session=50) ===
2026-05-09 11:15:52,705 [INFO] --- Cycle 1 ---
2026-05-09 11:15:52,706 [INFO] @atelier_xyz : 3 commentaire(s) généré(s).
2026-05-09 11:15:52,706 [INFO] @atelier_xyz : last_post_id mis à jour -> fresh_post_id
2026-05-09 11:15:52,707 [INFO] max_cycles=1 atteint, arrêt.
2026-05-09 11:24:43,498 [INFO] Session Instagram réutilisée depuis session.json
2026-05-09 11:24:57,221 [INFO] Session Instagram réutilisée depuis session.json
2026-05-09 11:25:04,942 [INFO] check_new_post @u : bootstrap (last_post_id null) -> media_id=777
2026-05-09 11:25:04,944 [INFO] check_new_post @someone : nouveau post media_id=111 (précédent 000)
2026-05-09 11:25:04,946 [WARNING] check_new_post @testuser : session Instagram perdue (LoginRequired) — recovery.
2026-05-09 11:25:04,947 [WARNING] check_new_post @testuser : session Instagram perdue (PleaseWaitFewMinutes) — recovery.
2026-05-09 11:25:04,948 [WARNING] check_new_post @testuser : rate limit court Instagram (slow down), pause 30s puis retry
2026-05-09 11:25:04,951 [INFO] === Watcher démarré (mock=True, max_accounts/session=50) ===
2026-05-09 11:25:04,952 [INFO] --- Cycle 1 ---
2026-05-09 11:25:04,952 [INFO] @creator_a : 3 commentaire(s) généré(s).
2026-05-09 11:25:04,952 [INFO] [mock] notification Telegram skip (post=mock_post_creator_a)
2026-05-09 11:25:04,952 [INFO] @creator_a : last_post_id mis à jour -> mock_post_creator_a
2026-05-09 11:25:04,953 [INFO] @creator_b : t_type absent (Discovery requis), skip.
2026-05-09 11:25:04,953 [INFO] max_cycles=1 atteint, arrêt.
2026-05-09 11:25:04,955 [INFO] === Watcher démarré (mock=False, max_accounts/session=3) ===
2026-05-09 11:25:04,955 [INFO] --- Cycle 1 ---
2026-05-09 11:25:04,956 [INFO] Seuil de 3 comptes vérifiés atteint — pause 600s anti-flag.
2026-05-09 11:25:04,956 [INFO] max_cycles=1 atteint, arrêt.
2026-05-09 11:25:04,958 [INFO] === Watcher démarré (mock=False, max_accounts/session=50) ===
2026-05-09 11:25:04,958 [INFO] --- Cycle 1 ---
2026-05-09 11:25:04,959 [WARNING] Session perdue pendant @creator_0 : session expirée → recovery.
2026-05-09 11:25:04,959 [INFO] Reconnexion réussie, on continue le cycle.
2026-05-09 11:25:04,959 [INFO] @creator_1 : 3 commentaire(s) généré(s).
2026-05-09 11:25:04,959 [INFO] @creator_1 : last_post_id mis à jour -> fresh
2026-05-09 11:25:04,960 [INFO] max_cycles=1 atteint, arrêt.
2026-05-09 11:25:04,962 [INFO] === Watcher démarré (mock=False, max_accounts/session=50) ===
2026-05-09 11:25:04,962 [INFO] --- Cycle 1 ---
2026-05-09 11:25:04,962 [WARNING] Session perdue pendant @creator_0 : session perdue → recovery.
2026-05-09 11:25:04,963 [ERROR] Watcher stoppé proprement (recovery KO) : recovery KO
2026-05-09 11:25:04,965 [INFO] === Watcher démarré (mock=False, max_accounts/session=50) ===
2026-05-09 11:25:04,965 [INFO] --- Cycle 1 ---
2026-05-09 11:25:04,965 [INFO] @newbie : bootstrap, mémorise last_post_id=first_id sans notification.
2026-05-09 11:25:04,967 [INFO] max_cycles=1 atteint, arrêt.
2026-05-09 11:25:04,970 [INFO] === Watcher démarré (mock=False, max_accounts/session=50) ===
2026-05-09 11:25:04,970 [INFO] --- Cycle 1 ---
2026-05-09 11:25:04,970 [INFO] @atelier_xyz : 3 commentaire(s) généré(s).
2026-05-09 11:25:04,970 [INFO] @atelier_xyz : last_post_id mis à jour -> fresh_post_id
2026-05-09 11:25:04,971 [INFO] max_cycles=1 atteint, arrêt.
2026-05-09 11:27:41,645 [INFO] Session Instagram réutilisée depuis session.json
2026-05-09 11:27:53,680 [INFO] Session Instagram réutilisée depuis session.json
2026-05-09 11:28:00,126 [INFO] check_new_post @u : bootstrap (last_post_id null) -> media_id=777
2026-05-09 11:28:00,128 [INFO] check_new_post @someone : nouveau post media_id=111 (précédent 000)
2026-05-09 11:28:00,132 [WARNING] check_new_post @testuser : session Instagram perdue (LoginRequired) — recovery.
2026-05-09 11:28:00,135 [WARNING] check_new_post @testuser : session Instagram perdue (PleaseWaitFewMinutes) — recovery.
2026-05-09 11:28:00,137 [WARNING] check_new_post @testuser : rate limit court Instagram (slow down), pause 30s puis retry
2026-05-09 11:28:00,143 [INFO] === Watcher démarré (mock=True, max_accounts/session=50) ===
2026-05-09 11:28:00,143 [INFO] --- Cycle 1 ---
2026-05-09 11:28:00,144 [INFO] @creator_a : 3 commentaire(s) généré(s).
2026-05-09 11:28:00,145 [INFO] [mock] notification Telegram skip (post=mock_post_creator_a)
2026-05-09 11:28:00,145 [INFO] @creator_a : last_post_id mis à jour -> mock_post_creator_a
2026-05-09 11:28:00,145 [INFO] @creator_b : t_type absent (Discovery requis), skip.
2026-05-09 11:28:00,146 [INFO] max_cycles=1 atteint, arrêt.
2026-05-09 11:28:00,151 [INFO] === Watcher démarré (mock=False, max_accounts/session=3) ===
2026-05-09 11:28:00,151 [INFO] --- Cycle 1 ---
2026-05-09 11:28:00,153 [INFO] Seuil de 3 comptes vérifiés atteint — pause 600s anti-flag.
2026-05-09 11:28:00,154 [INFO] max_cycles=1 atteint, arrêt.
2026-05-09 11:28:00,158 [INFO] === Watcher démarré (mock=False, max_accounts/session=50) ===
2026-05-09 11:28:00,158 [INFO] --- Cycle 1 ---
2026-05-09 11:28:00,159 [WARNING] Session perdue pendant @creator_0 : session expirée → recovery.
2026-05-09 11:28:00,159 [INFO] Reconnexion réussie, on continue le cycle.
2026-05-09 11:28:00,160 [INFO] @creator_1 : 3 commentaire(s) généré(s).
2026-05-09 11:28:00,160 [INFO] @creator_1 : last_post_id mis à jour -> fresh
2026-05-09 11:28:00,162 [INFO] max_cycles=1 atteint, arrêt.
2026-05-09 11:28:00,165 [INFO] === Watcher démarré (mock=False, max_accounts/session=50) ===
2026-05-09 11:28:00,165 [INFO] --- Cycle 1 ---
2026-05-09 11:28:00,167 [WARNING] Session perdue pendant @creator_0 : session perdue → recovery.
2026-05-09 11:28:00,167 [ERROR] Watcher stoppé proprement (recovery KO) : recovery KO
2026-05-09 11:28:00,173 [INFO] === Watcher démarré (mock=False, max_accounts/session=50) ===
2026-05-09 11:28:00,173 [INFO] --- Cycle 1 ---
2026-05-09 11:28:00,174 [INFO] @newbie : bootstrap, mémorise last_post_id=first_id sans notification.
2026-05-09 11:28:00,176 [INFO] max_cycles=1 atteint, arrêt.
2026-05-09 11:28:00,185 [INFO] === Watcher démarré (mock=False, max_accounts/session=50) ===
2026-05-09 11:28:00,186 [INFO] --- Cycle 1 ---
2026-05-09 11:28:00,187 [INFO] @atelier_xyz : 3 commentaire(s) généré(s).
2026-05-09 11:28:00,187 [INFO] @atelier_xyz : last_post_id mis à jour -> fresh_post_id
2026-05-09 11:28:00,190 [INFO] max_cycles=1 atteint, arrêt.
2026-05-09 11:47:27,156 [INFO] Session Instagram réutilisée depuis session.json
2026-05-09 11:47:39,733 [INFO] Session Instagram réutilisée depuis session.json
2026-05-09 11:47:47,016 [INFO] check_new_post @u : bootstrap (last_post_id null) -> media_id=777
2026-05-09 11:47:47,017 [INFO] check_new_post @someone : nouveau post media_id=111 (précédent 000)
2026-05-09 11:47:47,019 [WARNING] check_new_post @testuser : session Instagram perdue (LoginRequired) — recovery.
2026-05-09 11:47:47,020 [WARNING] check_new_post @testuser : session Instagram perdue (PleaseWaitFewMinutes) — recovery.
2026-05-09 11:47:47,024 [WARNING] check_new_post @testuser : rate limit court Instagram (slow down), pause 30s puis retry
2026-05-09 11:47:47,028 [INFO] === Watcher démarré (mock=True, max_accounts/session=50) ===
2026-05-09 11:47:47,028 [INFO] --- Cycle 1 ---
2026-05-09 11:47:47,028 [INFO] @creator_a : 3 commentaire(s) généré(s).
2026-05-09 11:47:47,029 [INFO] [mock] notification Telegram skip (post=mock_post_creator_a)
2026-05-09 11:47:47,029 [INFO] @creator_a : last_post_id mis à jour -> mock_post_creator_a
2026-05-09 11:47:47,029 [INFO] @creator_b : t_type absent (Discovery requis), skip.
2026-05-09 11:47:47,029 [INFO] max_cycles=1 atteint, arrêt.
2026-05-09 11:47:47,031 [INFO] === Watcher démarré (mock=False, max_accounts/session=3) ===
2026-05-09 11:47:47,031 [INFO] --- Cycle 1 ---
2026-05-09 11:47:47,032 [INFO] Seuil de 3 comptes vérifiés atteint — pause 600s anti-flag.
2026-05-09 11:47:47,032 [INFO] max_cycles=1 atteint, arrêt.
2026-05-09 11:47:47,034 [INFO] === Watcher démarré (mock=False, max_accounts/session=50) ===
2026-05-09 11:47:47,034 [INFO] --- Cycle 1 ---
2026-05-09 11:47:47,035 [WARNING] Session perdue pendant @creator_0 : session expirée → recovery.
2026-05-09 11:47:47,035 [INFO] Reconnexion réussie, on continue le cycle.
2026-05-09 11:47:47,035 [INFO] @creator_1 : 3 commentaire(s) généré(s).
2026-05-09 11:47:47,035 [INFO] @creator_1 : last_post_id mis à jour -> fresh
2026-05-09 11:47:47,036 [INFO] max_cycles=1 atteint, arrêt.
2026-05-09 11:47:47,038 [INFO] === Watcher démarré (mock=False, max_accounts/session=50) ===
2026-05-09 11:47:47,038 [INFO] --- Cycle 1 ---
2026-05-09 11:47:47,038 [WARNING] Session perdue pendant @creator_0 : session perdue → recovery.
2026-05-09 11:47:47,039 [ERROR] Watcher stoppé proprement (recovery KO) : recovery KO
2026-05-09 11:47:47,041 [INFO] === Watcher démarré (mock=False, max_accounts/session=50) ===
2026-05-09 11:47:47,041 [INFO] --- Cycle 1 ---
2026-05-09 11:47:47,042 [INFO] @newbie : bootstrap, mémorise last_post_id=first_id sans notification.
2026-05-09 11:47:47,043 [INFO] max_cycles=1 atteint, arrêt.
2026-05-09 11:47:47,046 [INFO] === Watcher démarré (mock=False, max_accounts/session=50) ===
2026-05-09 11:47:47,046 [INFO] --- Cycle 1 ---
2026-05-09 11:47:47,046 [INFO] @atelier_xyz : 3 commentaire(s) généré(s).
2026-05-09 11:47:47,046 [INFO] @atelier_xyz : last_post_id mis à jour -> fresh_post_id
2026-05-09 11:47:47,047 [INFO] max_cycles=1 atteint, arrêt.
2026-05-09 11:48:35,274 [INFO] Session Instagram réutilisée depuis session.json
2026-05-09 11:48:45,552 [INFO] Session Instagram réutilisée depuis session.json
2026-05-09 11:48:51,770 [INFO] check_new_post @u : bootstrap (last_post_id null) -> media_id=777
2026-05-09 11:48:51,771 [INFO] check_new_post @someone : nouveau post media_id=111 (précédent 000)
2026-05-09 11:48:51,774 [WARNING] check_new_post @testuser : session Instagram perdue (LoginRequired) — recovery.
2026-05-09 11:48:51,775 [WARNING] check_new_post @testuser : session Instagram perdue (PleaseWaitFewMinutes) — recovery.
2026-05-09 11:48:51,777 [WARNING] check_new_post @testuser : rate limit court Instagram (slow down), pause 30s puis retry
2026-05-09 11:48:51,780 [INFO] === Watcher démarré (mock=True, max_accounts/session=50) ===
2026-05-09 11:48:51,780 [INFO] --- Cycle 1 ---
2026-05-09 11:48:51,780 [INFO] @creator_a : 3 commentaire(s) généré(s).
2026-05-09 11:48:51,781 [INFO] [mock] notification Telegram skip (post=mock_post_creator_a)
2026-05-09 11:48:51,781 [INFO] @creator_a : last_post_id mis à jour -> mock_post_creator_a
2026-05-09 11:48:51,781 [INFO] @creator_b : t_type absent (Discovery requis), skip.
2026-05-09 11:48:51,781 [INFO] max_cycles=1 atteint, arrêt.
2026-05-09 11:48:51,783 [INFO] === Watcher démarré (mock=False, max_accounts/session=3) ===
2026-05-09 11:48:51,783 [INFO] --- Cycle 1 ---
2026-05-09 11:48:51,784 [INFO] Seuil de 3 comptes vérifiés atteint — pause 600s anti-flag.
2026-05-09 11:48:51,784 [INFO] max_cycles=1 atteint, arrêt.
2026-05-09 11:48:51,787 [INFO] === Watcher démarré (mock=False, max_accounts/session=50) ===
2026-05-09 11:48:51,787 [INFO] --- Cycle 1 ---
2026-05-09 11:48:51,788 [WARNING] Session perdue pendant @creator_0 : session expirée → recovery.
2026-05-09 11:48:51,788 [INFO] Reconnexion réussie, on continue le cycle.
2026-05-09 11:48:51,788 [INFO] @creator_1 : 3 commentaire(s) généré(s).
2026-05-09 11:48:51,789 [INFO] @creator_1 : last_post_id mis à jour -> fresh
2026-05-09 11:48:51,790 [INFO] max_cycles=1 atteint, arrêt.
2026-05-09 11:48:51,792 [INFO] === Watcher démarré (mock=False, max_accounts/session=50) ===
2026-05-09 11:48:51,792 [INFO] --- Cycle 1 ---
2026-05-09 11:48:51,793 [WARNING] Session perdue pendant @creator_0 : session perdue → recovery.
2026-05-09 11:48:51,793 [ERROR] Watcher stoppé proprement (recovery KO) : recovery KO
2026-05-09 11:48:51,796 [INFO] === Watcher démarré (mock=False, max_accounts/session=50) ===
2026-05-09 11:48:51,796 [INFO] --- Cycle 1 ---
2026-05-09 11:48:51,796 [INFO] @newbie : bootstrap, mémorise last_post_id=first_id sans notification.
2026-05-09 11:48:51,797 [INFO] max_cycles=1 atteint, arrêt.
2026-05-09 11:48:51,799 [INFO] === Watcher démarré (mock=False, max_accounts/session=50) ===
2026-05-09 11:48:51,800 [INFO] --- Cycle 1 ---
2026-05-09 11:48:51,800 [INFO] @atelier_xyz : 3 commentaire(s) généré(s).
2026-05-09 11:48:51,800 [INFO] @atelier_xyz : last_post_id mis à jour -> fresh_post_id
2026-05-09 11:48:51,801 [INFO] max_cycles=1 atteint, arrêt.
2026-05-09 12:01:02,397 [INFO] Session Instagram réutilisée depuis session.json
2026-05-09 12:01:14,443 [INFO] Session Instagram réutilisée depuis session.json
2026-05-09 12:01:20,976 [INFO] check_new_post @u : bootstrap (last_post_id null) -> media_id=777
2026-05-09 12:01:20,977 [INFO] check_new_post @someone : nouveau post media_id=111 (précédent 000)
2026-05-09 12:01:20,979 [WARNING] check_new_post @testuser : session Instagram perdue (LoginRequired) — recovery.
2026-05-09 12:01:20,980 [WARNING] check_new_post @testuser : session Instagram perdue (PleaseWaitFewMinutes) — recovery.
2026-05-09 12:01:20,984 [WARNING] check_new_post @testuser : rate limit court Instagram (slow down), pause 30s puis retry
2026-05-09 12:01:20,988 [INFO] === Watcher démarré (mock=True, max_accounts/session=50) ===
2026-05-09 12:01:20,988 [INFO] --- Cycle 1 ---
2026-05-09 12:01:20,988 [INFO] @creator_a : 3 commentaire(s) généré(s).
2026-05-09 12:01:20,988 [INFO] [mock] notification Telegram skip (post=mock_post_creator_a)
2026-05-09 12:01:20,988 [INFO] @creator_a : last_post_id mis à jour -> mock_post_creator_a
2026-05-09 12:01:20,989 [INFO] @creator_b : t_type absent (Discovery requis), skip.
2026-05-09 12:01:20,989 [INFO] max_cycles=1 atteint, arrêt.
2026-05-09 12:01:20,992 [INFO] === Watcher démarré (mock=False, max_accounts/session=3) ===
2026-05-09 12:01:20,992 [INFO] --- Cycle 1 ---
2026-05-09 12:01:20,993 [INFO] Seuil de 3 comptes vérifiés atteint — pause 600s anti-flag.
2026-05-09 12:01:20,993 [INFO] max_cycles=1 atteint, arrêt.
2026-05-09 12:01:20,995 [INFO] === Watcher démarré (mock=False, max_accounts/session=50) ===
2026-05-09 12:01:20,995 [INFO] --- Cycle 1 ---
2026-05-09 12:01:20,996 [WARNING] Session perdue pendant @creator_0 : session expirée → recovery.
2026-05-09 12:01:20,996 [INFO] Reconnexion réussie, on continue le cycle.
2026-05-09 12:01:20,996 [INFO] @creator_1 : 3 commentaire(s) généré(s).
2026-05-09 12:01:20,997 [INFO] @creator_1 : last_post_id mis à jour -> fresh
2026-05-09 12:01:20,998 [INFO] max_cycles=1 atteint, arrêt.
2026-05-09 12:01:20,999 [INFO] === Watcher démarré (mock=False, max_accounts/session=50) ===
2026-05-09 12:01:21,000 [INFO] --- Cycle 1 ---
2026-05-09 12:01:21,000 [WARNING] Session perdue pendant @creator_0 : session perdue → recovery.
2026-05-09 12:01:21,000 [ERROR] Watcher stoppé proprement (recovery KO) : recovery KO
2026-05-09 12:01:21,002 [INFO] === Watcher démarré (mock=False, max_accounts/session=50) ===
2026-05-09 12:01:21,002 [INFO] --- Cycle 1 ---
2026-05-09 12:01:21,003 [INFO] @newbie : bootstrap, mémorise last_post_id=first_id sans notification.
2026-05-09 12:01:21,004 [INFO] max_cycles=1 atteint, arrêt.
2026-05-09 12:01:21,007 [INFO] === Watcher démarré (mock=False, max_accounts/session=50) ===
2026-05-09 12:01:21,007 [INFO] --- Cycle 1 ---
2026-05-09 12:01:21,008 [INFO] @atelier_xyz : 3 commentaire(s) généré(s).
2026-05-09 12:01:21,008 [INFO] @atelier_xyz : last_post_id mis à jour -> fresh_post_id
2026-05-09 12:01:21,009 [INFO] max_cycles=1 atteint, arrêt.
2026-05-09 12:16:21,805 [INFO] Session Instagram réutilisée depuis session.json
2026-05-09 12:16:33,357 [INFO] Session Instagram réutilisée depuis session.json
2026-05-09 12:16:40,023 [INFO] check_new_post @u : bootstrap (last_post_id null) -> media_id=777
2026-05-09 12:16:40,026 [INFO] check_new_post @someone : nouveau post media_id=111 (précédent 000)
2026-05-09 12:16:40,029 [WARNING] check_new_post @testuser : session Instagram perdue (LoginRequired) — recovery.
2026-05-09 12:16:40,030 [WARNING] check_new_post @testuser : session Instagram perdue (PleaseWaitFewMinutes) — recovery.
2026-05-09 12:16:40,032 [WARNING] check_new_post @testuser : rate limit court Instagram (slow down), pause 30s puis retry
2026-05-09 12:16:40,037 [INFO] === Watcher démarré (mock=True, max_accounts/session=50) ===
2026-05-09 12:16:40,037 [INFO] --- Cycle 1 ---
2026-05-09 12:16:40,039 [INFO] @creator_a : 3 commentaire(s) généré(s).
2026-05-09 12:16:40,039 [INFO] [mock] notification Telegram skip (post=mock_post_creator_a)
2026-05-09 12:16:40,039 [INFO] @creator_a : last_post_id mis à jour -> mock_post_creator_a
2026-05-09 12:16:40,040 [INFO] @creator_b : t_type absent (Discovery requis), skip.
2026-05-09 12:16:40,040 [INFO] max_cycles=1 atteint, arrêt.
2026-05-09 12:16:40,043 [INFO] === Watcher démarré (mock=False, max_accounts/session=3) ===
2026-05-09 12:16:40,044 [INFO] --- Cycle 1 ---
2026-05-09 12:16:40,044 [INFO] Seuil de 3 comptes vérifiés atteint — pause 600s anti-flag.
2026-05-09 12:16:40,044 [INFO] max_cycles=1 atteint, arrêt.
2026-05-09 12:16:40,047 [INFO] === Watcher démarré (mock=False, max_accounts/session=50) ===
2026-05-09 12:16:40,047 [INFO] --- Cycle 1 ---
2026-05-09 12:16:40,049 [WARNING] Session perdue pendant @creator_0 : session expirée → recovery.
2026-05-09 12:16:40,049 [INFO] Reconnexion réussie, on continue le cycle.
2026-05-09 12:16:40,050 [INFO] @creator_1 : 3 commentaire(s) généré(s).
2026-05-09 12:16:40,050 [INFO] @creator_1 : last_post_id mis à jour -> fresh
2026-05-09 12:16:40,052 [INFO] max_cycles=1 atteint, arrêt.
2026-05-09 12:16:40,054 [INFO] === Watcher démarré (mock=False, max_accounts/session=50) ===
2026-05-09 12:16:40,054 [INFO] --- Cycle 1 ---
2026-05-09 12:16:40,054 [WARNING] Session perdue pendant @creator_0 : session perdue → recovery.
2026-05-09 12:16:40,054 [ERROR] Watcher stoppé proprement (recovery KO) : recovery KO
2026-05-09 12:16:40,057 [INFO] === Watcher démarré (mock=False, max_accounts/session=50) ===
2026-05-09 12:16:40,057 [INFO] --- Cycle 1 ---
2026-05-09 12:16:40,057 [INFO] @newbie : bootstrap, mémorise last_post_id=first_id sans notification.
2026-05-09 12:16:40,058 [INFO] max_cycles=1 atteint, arrêt.
2026-05-09 12:16:40,060 [INFO] === Watcher démarré (mock=False, max_accounts/session=50) ===
2026-05-09 12:16:40,060 [INFO] --- Cycle 1 ---
2026-05-09 12:16:40,061 [INFO] @atelier_xyz : 3 commentaire(s) généré(s).
2026-05-09 12:16:40,061 [INFO] @atelier_xyz : last_post_id mis à jour -> fresh_post_id
2026-05-09 12:16:40,062 [INFO] max_cycles=1 atteint, arrêt.
2026-05-09 12:31:40,967 [INFO] Session Instagram réutilisée depuis session.json
2026-05-09 12:31:54,244 [INFO] Session Instagram réutilisée depuis session.json
2026-05-09 12:32:01,255 [INFO] check_new_post @u : bootstrap (last_post_id null) -> media_id=777
2026-05-09 12:32:01,256 [INFO] check_new_post @someone : nouveau post media_id=111 (précédent 000)
2026-05-09 12:32:01,267 [WARNING] check_new_post @testuser : session Instagram perdue (LoginRequired) — recovery.
2026-05-09 12:32:01,268 [WARNING] check_new_post @testuser : session Instagram perdue (PleaseWaitFewMinutes) — recovery.
2026-05-09 12:32:01,269 [WARNING] check_new_post @testuser : rate limit court Instagram (slow down), pause 30s puis retry
2026-05-09 12:32:01,273 [INFO] === Watcher démarré (mock=True, max_accounts/session=50) ===
2026-05-09 12:32:01,273 [INFO] --- Cycle 1 ---
2026-05-09 12:32:01,274 [INFO] @creator_a : 3 commentaire(s) généré(s).
2026-05-09 12:32:01,274 [INFO] [mock] notification Telegram skip (post=mock_post_creator_a)
2026-05-09 12:32:01,274 [INFO] @creator_a : last_post_id mis à jour -> mock_post_creator_a
2026-05-09 12:32:01,274 [INFO] @creator_b : t_type absent (Discovery requis), skip.
2026-05-09 12:32:01,274 [INFO] max_cycles=1 atteint, arrêt.
2026-05-09 12:32:01,279 [INFO] === Watcher démarré (mock=False, max_accounts/session=3) ===
2026-05-09 12:32:01,279 [INFO] --- Cycle 1 ---
2026-05-09 12:32:01,281 [INFO] Seuil de 3 comptes vérifiés atteint — pause 600s anti-flag.
2026-05-09 12:32:01,281 [INFO] max_cycles=1 atteint, arrêt.
2026-05-09 12:32:01,283 [INFO] === Watcher démarré (mock=False, max_accounts/session=50) ===
2026-05-09 12:32:01,283 [INFO] --- Cycle 1 ---
2026-05-09 12:32:01,284 [WARNING] Session perdue pendant @creator_0 : session expirée → recovery.
2026-05-09 12:32:01,284 [INFO] Reconnexion réussie, on continue le cycle.
2026-05-09 12:32:01,284 [INFO] @creator_1 : 3 commentaire(s) généré(s).
2026-05-09 12:32:01,285 [INFO] @creator_1 : last_post_id mis à jour -> fresh
2026-05-09 12:32:01,286 [INFO] max_cycles=1 atteint, arrêt.
2026-05-09 12:32:01,288 [INFO] === Watcher démarré (mock=False, max_accounts/session=50) ===
2026-05-09 12:32:01,288 [INFO] --- Cycle 1 ---
2026-05-09 12:32:01,288 [WARNING] Session perdue pendant @creator_0 : session perdue → recovery.
2026-05-09 12:32:01,288 [ERROR] Watcher stoppé proprement (recovery KO) : recovery KO
2026-05-09 12:32:01,291 [INFO] === Watcher démarré (mock=False, max_accounts/session=50) ===
2026-05-09 12:32:01,291 [INFO] --- Cycle 1 ---
2026-05-09 12:32:01,291 [INFO] @newbie : bootstrap, mémorise last_post_id=first_id sans notification.
2026-05-09 12:32:01,295 [INFO] max_cycles=1 atteint, arrêt.
2026-05-09 12:32:01,298 [INFO] === Watcher démarré (mock=False, max_accounts/session=50) ===
2026-05-09 12:32:01,298 [INFO] --- Cycle 1 ---
2026-05-09 12:32:01,298 [INFO] @atelier_xyz : 3 commentaire(s) généré(s).
2026-05-09 12:32:01,298 [INFO] @atelier_xyz : last_post_id mis à jour -> fresh_post_id
2026-05-09 12:32:01,299 [INFO] max_cycles=1 atteint, arrêt.
2026-05-09 12:35:08,883 [INFO] Session Instagram réutilisée depuis session.json
2026-05-09 12:42:41,461 [INFO] Session Instagram réutilisée depuis session.json
2026-05-09 12:42:52,570 [INFO] Session Instagram réutilisée depuis session.json
2026-05-09 12:44:08,552 [INFO] Session Instagram réutilisée depuis session.json
2026-05-09 12:49:53,350 [INFO] Session Instagram réutilisée depuis session.json
2026-05-09 12:50:05,674 [INFO] Session Instagram réutilisée depuis session.json
2026-05-09 12:50:54,381 [INFO] Session Instagram réutilisée depuis session.json
2026-05-09 12:51:06,601 [INFO] Session Instagram réutilisée depuis session.json
2026-05-09 12:51:12,147 [INFO] check_new_post @u : bootstrap (last_post_id null) -> media_id=777
2026-05-09 12:51:12,148 [INFO] check_new_post @someone : nouveau post media_id=111 (précédent 000)
2026-05-09 12:51:12,150 [WARNING] check_new_post @testuser : session Instagram perdue (LoginRequired) — recovery.
2026-05-09 12:51:12,151 [WARNING] check_new_post @testuser : session Instagram perdue (PleaseWaitFewMinutes) — recovery.
2026-05-09 12:51:12,152 [WARNING] check_new_post @testuser : rate limit court Instagram (slow down), pause 30s puis retry
2026-05-09 12:51:12,156 [INFO] === Watcher démarré (mock=True, max_accounts/session=50) ===
2026-05-09 12:51:12,156 [INFO] --- Cycle 1 ---
2026-05-09 12:51:12,156 [INFO] @creator_a : 3 commentaire(s) généré(s).
2026-05-09 12:51:12,156 [INFO] [mock] notification Telegram skip (post=mock_post_creator_a)
2026-05-09 12:51:12,156 [INFO] @creator_a : last_post_id mis à jour -> mock_post_creator_a
2026-05-09 12:51:12,156 [INFO] @creator_b : t_type absent (Discovery requis), skip.
2026-05-09 12:51:12,157 [INFO] max_cycles=1 atteint, arrêt.
2026-05-09 12:51:12,159 [INFO] === Watcher démarré (mock=False, max_accounts/session=3) ===
2026-05-09 12:51:12,159 [INFO] --- Cycle 1 ---
2026-05-09 12:51:12,159 [INFO] Seuil de 3 comptes vérifiés atteint — pause 600s anti-flag.
2026-05-09 12:51:12,160 [INFO] max_cycles=1 atteint, arrêt.
2026-05-09 12:51:12,162 [INFO] === Watcher démarré (mock=False, max_accounts/session=50) ===
2026-05-09 12:51:12,162 [INFO] --- Cycle 1 ---
2026-05-09 12:51:12,162 [WARNING] Session perdue pendant @creator_0 : session expirée → recovery.
2026-05-09 12:51:12,163 [INFO] Reconnexion réussie, on continue le cycle.
2026-05-09 12:51:12,164 [INFO] @creator_1 : 3 commentaire(s) généré(s).
2026-05-09 12:51:12,164 [INFO] @creator_1 : last_post_id mis à jour -> fresh
2026-05-09 12:51:12,166 [INFO] max_cycles=1 atteint, arrêt.
2026-05-09 12:51:12,168 [INFO] === Watcher démarré (mock=False, max_accounts/session=50) ===
2026-05-09 12:51:12,168 [INFO] --- Cycle 1 ---
2026-05-09 12:51:12,169 [WARNING] Session perdue pendant @creator_0 : session perdue → recovery.
2026-05-09 12:51:12,169 [ERROR] Watcher stoppé proprement (recovery KO) : recovery KO
2026-05-09 12:51:12,171 [INFO] === Watcher démarré (mock=False, max_accounts/session=50) ===
2026-05-09 12:51:12,171 [INFO] --- Cycle 1 ---
2026-05-09 12:51:12,171 [INFO] @newbie : bootstrap, mémorise last_post_id=first_id sans notification.
2026-05-09 12:51:12,173 [INFO] max_cycles=1 atteint, arrêt.
2026-05-09 12:51:12,175 [INFO] === Watcher démarré (mock=False, max_accounts/session=50) ===
2026-05-09 12:51:12,175 [INFO] --- Cycle 1 ---
2026-05-09 12:51:12,176 [INFO] @atelier_xyz : 3 commentaire(s) généré(s).
2026-05-09 12:51:12,176 [INFO] @atelier_xyz : last_post_id mis à jour -> fresh_post_id
2026-05-09 12:51:12,177 [INFO] max_cycles=1 atteint, arrêt.
2026-05-09 12:54:49,562 [INFO] Session Instagram réutilisée depuis session.json
2026-05-09 12:55:08,508 [INFO] Session Instagram réutilisée depuis session.json
2026-05-09 12:55:28,066 [INFO] Session Instagram réutilisée depuis session.json
2026-05-09 13:23:19,075 [INFO] Session Instagram réutilisée depuis session.json
2026-05-09 13:23:30,906 [INFO] Session Instagram réutilisée depuis session.json
2026-05-09 13:23:37,973 [INFO] check_new_post @u : bootstrap (last_post_id null) -> media_id=777
2026-05-09 13:23:37,975 [INFO] check_new_post @someone : nouveau post media_id=111 (précédent 000)
2026-05-09 13:23:37,979 [WARNING] check_new_post @testuser : session Instagram perdue (LoginRequired) — recovery.
2026-05-09 13:23:37,980 [WARNING] check_new_post @testuser : session Instagram perdue (PleaseWaitFewMinutes) — recovery.
2026-05-09 13:23:37,981 [WARNING] check_new_post @testuser : rate limit court Instagram (slow down), pause 30s puis retry
2026-05-09 13:23:37,985 [INFO] === Watcher démarré (mock=True, max_accounts/session=50) ===
2026-05-09 13:23:37,985 [INFO] --- Cycle 1 ---
2026-05-09 13:23:37,985 [INFO] @creator_a : 3 commentaire(s) généré(s).
2026-05-09 13:23:37,985 [INFO] [mock] notification Telegram skip (post=mock_post_creator_a)
2026-05-09 13:23:37,985 [INFO] @creator_a : last_post_id mis à jour -> mock_post_creator_a
2026-05-09 13:23:37,986 [INFO] @creator_b : t_type absent (Discovery requis), skip.
2026-05-09 13:23:37,986 [INFO] max_cycles=1 atteint, arrêt.
2026-05-09 13:23:37,988 [INFO] === Watcher démarré (mock=False, max_accounts/session=3) ===
2026-05-09 13:23:37,988 [INFO] --- Cycle 1 ---
2026-05-09 13:23:37,989 [INFO] Seuil de 3 comptes vérifiés atteint — pause 600s anti-flag.
2026-05-09 13:23:37,989 [INFO] max_cycles=1 atteint, arrêt.
2026-05-09 13:23:37,992 [INFO] === Watcher démarré (mock=False, max_accounts/session=50) ===
2026-05-09 13:23:37,992 [INFO] --- Cycle 1 ---
2026-05-09 13:23:37,992 [WARNING] Session perdue pendant @creator_0 : session expirée → recovery.
2026-05-09 13:23:37,993 [INFO] Reconnexion réussie, on continue le cycle.
2026-05-09 13:23:37,994 [INFO] @creator_1 : 3 commentaire(s) généré(s).
2026-05-09 13:23:37,994 [INFO] @creator_1 : last_post_id mis à jour -> fresh
2026-05-09 13:23:37,996 [INFO] max_cycles=1 atteint, arrêt.
2026-05-09 13:23:37,998 [INFO] === Watcher démarré (mock=False, max_accounts/session=50) ===
2026-05-09 13:23:37,998 [INFO] --- Cycle 1 ---
2026-05-09 13:23:37,998 [WARNING] Session perdue pendant @creator_0 : session perdue → recovery.
2026-05-09 13:23:37,999 [ERROR] Watcher stoppé proprement (recovery KO) : recovery KO
2026-05-09 13:23:38,001 [INFO] === Watcher démarré (mock=False, max_accounts/session=50) ===
2026-05-09 13:23:38,001 [INFO] --- Cycle 1 ---
2026-05-09 13:23:38,001 [INFO] @newbie : bootstrap, mémorise last_post_id=first_id sans notification.
2026-05-09 13:23:38,002 [INFO] max_cycles=1 atteint, arrêt.
2026-05-09 13:23:38,004 [INFO] === Watcher démarré (mock=False, max_accounts/session=50) ===
2026-05-09 13:23:38,005 [INFO] --- Cycle 1 ---
2026-05-09 13:23:38,005 [INFO] @atelier_xyz : 3 commentaire(s) généré(s).
2026-05-09 13:23:38,005 [INFO] @atelier_xyz : last_post_id mis à jour -> fresh_post_id
2026-05-09 13:23:38,006 [INFO] max_cycles=1 atteint, arrêt.
2026-05-09 13:27:42,276 [INFO] Session Instagram réutilisée depuis session.json
2026-05-09 17:18:20,195 [INFO] Session Instagram réutilisée depuis session.json
2026-05-09 17:55:44,578 [INFO] Session Instagram réutilisée depuis session.json
2026-05-09 17:55:58,163 [INFO] Session Instagram réutilisée depuis session.json
2026-05-09 17:56:04,519 [INFO] check_new_post @u : bootstrap (last_post_id null) -> media_id=777
2026-05-09 17:56:04,525 [INFO] check_new_post @someone : nouveau post media_id=111 (précédent 000)
2026-05-09 17:56:04,528 [WARNING] check_new_post @testuser : session Instagram perdue (LoginRequired) — recovery.
2026-05-09 17:56:04,530 [WARNING] check_new_post @testuser : session Instagram perdue (PleaseWaitFewMinutes) — recovery.
2026-05-09 17:56:04,531 [WARNING] check_new_post @testuser : rate limit court Instagram (slow down), pause 30s puis retry
2026-05-09 17:56:04,536 [INFO] === Watcher démarré (mock=True, max_accounts/session=50) ===
2026-05-09 17:56:04,536 [INFO] --- Cycle 1 ---
2026-05-09 17:56:04,537 [INFO] @creator_a : 3 commentaire(s) généré(s).
2026-05-09 17:56:04,537 [INFO] [mock] notification Telegram skip (post=mock_post_creator_a)
2026-05-09 17:56:04,537 [INFO] @creator_a : last_post_id mis à jour -> mock_post_creator_a
2026-05-09 17:56:04,538 [INFO] @creator_b : t_type absent (Discovery requis), skip.
2026-05-09 17:56:04,538 [INFO] max_cycles=1 atteint, arrêt.
2026-05-09 17:56:04,542 [INFO] === Watcher démarré (mock=False, max_accounts/session=3) ===
2026-05-09 17:56:04,542 [INFO] --- Cycle 1 ---
2026-05-09 17:56:04,543 [INFO] Seuil de 3 comptes vérifiés atteint — pause 600s anti-flag.
2026-05-09 17:56:04,543 [INFO] max_cycles=1 atteint, arrêt.
2026-05-09 17:56:04,546 [INFO] === Watcher démarré (mock=False, max_accounts/session=50) ===
2026-05-09 17:56:04,546 [INFO] --- Cycle 1 ---
2026-05-09 17:56:04,546 [WARNING] Session perdue pendant @creator_0 : session expirée → recovery.
2026-05-09 17:56:04,547 [INFO] Reconnexion réussie, on continue le cycle.
2026-05-09 17:56:04,547 [INFO] @creator_1 : 3 commentaire(s) généré(s).
2026-05-09 17:56:04,547 [INFO] @creator_1 : last_post_id mis à jour -> fresh
2026-05-09 17:56:04,549 [INFO] max_cycles=1 atteint, arrêt.
2026-05-09 17:56:04,551 [INFO] === Watcher démarré (mock=False, max_accounts/session=50) ===
2026-05-09 17:56:04,551 [INFO] --- Cycle 1 ---
2026-05-09 17:56:04,552 [WARNING] Session perdue pendant @creator_0 : session perdue → recovery.
2026-05-09 17:56:04,552 [ERROR] Watcher stoppé proprement (recovery KO) : recovery KO
2026-05-09 17:56:04,556 [INFO] === Watcher démarré (mock=False, max_accounts/session=50) ===
2026-05-09 17:56:04,556 [INFO] --- Cycle 1 ---
2026-05-09 17:56:04,556 [INFO] @newbie : bootstrap, mémorise last_post_id=first_id sans notification.
2026-05-09 17:56:04,557 [INFO] max_cycles=1 atteint, arrêt.
2026-05-09 17:56:04,561 [INFO] === Watcher démarré (mock=False, max_accounts/session=50) ===
2026-05-09 17:56:04,561 [INFO] --- Cycle 1 ---
2026-05-09 17:56:04,562 [INFO] @atelier_xyz : 3 commentaire(s) généré(s).
2026-05-09 17:56:04,562 [INFO] @atelier_xyz : last_post_id mis à jour -> fresh_post_id
2026-05-09 17:56:04,563 [INFO] max_cycles=1 atteint, arrêt.
2026-05-09 18:00:20,636 [INFO] Session Instagram réutilisée depuis session.json
2026-05-09 18:09:39,458 [INFO] Session Instagram réutilisée depuis session.json
2026-05-09 18:10:35,416 [INFO] Session Instagram réutilisée depuis session.json
2026-05-09 18:14:44,562 [INFO] Session Instagram réutilisée depuis session.json
2026-05-09 20:44:10,594 [INFO] Session Instagram réutilisée depuis session.json
2026-05-09 20:44:22,197 [INFO] Session Instagram réutilisée depuis session.json
2026-05-09 20:44:27,462 [INFO] check_new_post @u : bootstrap (last_post_id null) -> media_id=777
2026-05-09 20:44:27,464 [INFO] check_new_post @someone : nouveau post media_id=111 (précédent 000)
2026-05-09 20:44:27,470 [WARNING] check_new_post @testuser : session Instagram perdue (LoginRequired) — recovery.
2026-05-09 20:44:27,474 [WARNING] check_new_post @testuser : session Instagram perdue (PleaseWaitFewMinutes) — recovery.
2026-05-09 20:44:27,478 [WARNING] check_new_post @testuser : rate limit court Instagram (slow down), pause 30s puis retry
2026-05-09 20:44:27,486 [INFO] === Watcher démarré (mock=True, max_accounts/session=50) ===
2026-05-09 20:44:27,486 [INFO] --- Cycle 1 ---
2026-05-09 20:44:27,489 [INFO] @creator_a : 3 commentaire(s) généré(s).
2026-05-09 20:44:27,490 [INFO] [mock] notification Telegram skip (post=mock_post_creator_a)
2026-05-09 20:44:27,490 [INFO] @creator_a : last_post_id mis à jour -> mock_post_creator_a
2026-05-09 20:44:27,491 [INFO] @creator_b : t_type absent (Discovery requis), skip.
2026-05-09 20:44:27,492 [INFO] max_cycles=1 atteint, arrêt.
2026-05-09 20:44:27,497 [INFO] === Watcher démarré (mock=False, max_accounts/session=3) ===
2026-05-09 20:44:27,497 [INFO] --- Cycle 1 ---
2026-05-09 20:44:27,499 [INFO] Seuil de 3 comptes vérifiés atteint — pause 600s anti-flag.
2026-05-09 20:44:27,500 [INFO] max_cycles=1 atteint, arrêt.
2026-05-09 20:44:27,508 [INFO] === Watcher démarré (mock=False, max_accounts/session=50) ===
2026-05-09 20:44:27,508 [INFO] --- Cycle 1 ---
2026-05-09 20:44:27,510 [WARNING] Session perdue pendant @creator_0 : session expirée → recovery.
2026-05-09 20:44:27,514 [INFO] Reconnexion réussie, on continue le cycle.
2026-05-09 20:44:27,515 [INFO] @creator_1 : 3 commentaire(s) généré(s).
2026-05-09 20:44:27,516 [INFO] @creator_1 : last_post_id mis à jour -> fresh
2026-05-09 20:44:27,519 [INFO] max_cycles=1 atteint, arrêt.
2026-05-09 20:44:27,527 [INFO] === Watcher démarré (mock=False, max_accounts/session=50) ===
2026-05-09 20:44:27,527 [INFO] --- Cycle 1 ---
2026-05-09 20:44:27,528 [WARNING] Session perdue pendant @creator_0 : session perdue → recovery.
2026-05-09 20:44:27,529 [ERROR] Watcher stoppé proprement (recovery KO) : recovery KO
2026-05-09 20:44:27,535 [INFO] === Watcher démarré (mock=False, max_accounts/session=50) ===
2026-05-09 20:44:27,535 [INFO] --- Cycle 1 ---
2026-05-09 20:44:27,537 [INFO] @newbie : bootstrap, mémorise last_post_id=first_id sans notification.
2026-05-09 20:44:27,543 [INFO] max_cycles=1 atteint, arrêt.
2026-05-09 20:44:27,550 [INFO] === Watcher démarré (mock=False, max_accounts/session=50) ===
2026-05-09 20:44:27,550 [INFO] --- Cycle 1 ---
2026-05-09 20:44:27,552 [INFO] @atelier_xyz : 3 commentaire(s) généré(s).
2026-05-09 20:44:27,552 [INFO] @atelier_xyz : last_post_id mis à jour -> fresh_post_id
2026-05-09 20:44:27,556 [INFO] max_cycles=1 atteint, arrêt.
2026-05-11 13:43:16,970 [WARNING] Erreur Instagram pendant resume session (ChallengeResolve: Unknown step_name "STEP_NAME" for "abaclavachaud" in challenge resolver: {'flow_render_type': 3, 'bloks_action': 'com.bloks.www.ig.challenge.redirect.async', 'challenge_context': 'Q9y1BQEB7k1O8k0tNOijeQFj2IGAD9rxsORiH5LHk6-ZkGALs1VcDp91zD3Z9kXJy0Uc8lFuWLa8VA-aRDPYRdXcdQ4NJ6BOTQcRPRI2xe8REVLhhlfYkwkfGc1ZTCdjyb1vF1ZfnT9DeA71CG1-kLEomsS_8qYUiAM1HrIhykldMkhVv5Ru64wOTmUn-lSApHYLa0EMr2FNzZEszY7Med8M-UAkslfdHMG-HmK3b2lyxEOYpt_9z5zuzq8jZeQDjI-tswgMh8AKCGXGZk6rYIWk2i3L-zDhv2PihDAziJXZylGkKIefiBgCiHw3F4Gd60UevLwKeoVvm3XLRyEZmC8pg_67u-mW4d6s0X7swC4XiCDcBRlrf2-9lF6vzDFoTI2ji5l4rkNqLahww7KA8Yp1n3Bu-nhbVIn18MqXgFnVSYJ17bEhKnmUEFS4GVod_jiH1uOxHgQPnMskKDbQ7dW-gRMvBo7iSIYQKYsiBqdpdGxiDKVFM2IKSeDZpPpNN5Xav8dLDA', 'step_name': 'STEP_NAME', 'challenge_type_enum_str': 'ect_Q7DvBwFswD295Yhb6Wg-DdfH9Q6xMoFDt_IC43SxzUfhZtmSHLgWuq1eBktQjLp7rSDMQgrenJBCkFcpcw', 'status': 'ok'}) — fresh login.
2026-05-11 13:43:16,972 [INFO] Fresh login Instagram pour @abaclavachaud
2026-05-11 13:43:16,972 [INFO] Fresh login : user-agent rotaté (Instagram 308.0.0.36.109)
2026-05-11 13:43:16,976 [INFO] Session Instagram sauvegardée → session.json
2026-05-11 13:43:29,490 [WARNING] Erreur Instagram pendant resume session (ChallengeResolve: Unknown step_name "STEP_NAME" for "abaclavachaud" in challenge resolver: {'flow_render_type': 3, 'bloks_action': 'com.bloks.www.ig.challenge.redirect.async', 'challenge_context': 'Q9y1BQEtRQ108ifpll7olArGKvixp4Uwt-aJj9NQeSvUkhZaiZ0AFRzM_GvhFvolHc_f9Oh5pGywZtTBQj9DleUTTTff6vu_OUuD0U9EHvkFlKChKxymdT21WQtdZ0L7kFc8mr_FC2MId2uwfrU_LRe1RsW_ZLjTCb3iSFgu-T7fH33dZmH9KVnY1vu_hjqIDGAw_2z3CgiYD3B8rb7ltgrIBDfz5bIIl6NrlkvLOyB8VRrc9rHDe7hi--y1P1O8Cqzwx8usGTrQk00Dfei7DYL-Xl53sHbgNGro5nmxwd0uHb0AaVmgNGf5_tRf6cDOsPjeCgvZaGX6pXL8WSXw6sMkgNsmoQq2MT_nJtiCKorop8jG9u7_z6Sbp6WWRS9SEJv4c53MbXoOxQJGRtNMaZ3jWZcDKcFAMG_RrafMbzp9S_paHlE2gjLjkDV93BlsgoJ8pJgE1f4XQI_5mot-rnJJPZcjpYQFG3zJB7nakUKzET3ZezHvMQP0E1wRrqrp-jUfu9MjDA', 'step_name': 'STEP_NAME', 'challenge_type_enum_str': 'ect_Q7DvBwHtZkfkMqbeBzKoyKW_M9fBCRxEyYdLa0yi5u3R9hdciSwqUawm-7SszMBKBdDugZReAhy0OBdP9g', 'status': 'ok'}) — fresh login.
2026-05-11 13:43:29,490 [INFO] Fresh login Instagram pour @abaclavachaud
2026-05-11 13:43:29,491 [INFO] Fresh login : user-agent rotaté (Instagram 314.0.0.20.114)
2026-05-11 13:43:29,495 [INFO] Session Instagram sauvegardée → session.json
2026-05-11 13:43:38,426 [INFO] check_new_post @u : bootstrap (last_post_id null) -> media_id=777
2026-05-11 13:43:38,430 [INFO] check_new_post @someone : nouveau post media_id=111 (précédent 000)
2026-05-11 13:43:38,437 [WARNING] check_new_post @testuser : session Instagram perdue (LoginRequired) — recovery.
2026-05-11 13:43:38,440 [WARNING] check_new_post @testuser : session Instagram perdue (PleaseWaitFewMinutes) — recovery.
2026-05-11 13:43:38,448 [WARNING] check_new_post @testuser : rate limit court Instagram (slow down), pause 30s puis retry
2026-05-11 13:43:38,458 [INFO] === Watcher démarré (mock=True, max_accounts/session=50) ===
2026-05-11 13:43:38,459 [INFO] --- Cycle 1 ---
2026-05-11 13:43:38,462 [INFO] @creator_a : 3 commentaire(s) généré(s).
2026-05-11 13:43:38,462 [INFO] [mock] notification Telegram skip (post=mock_post_creator_a)
2026-05-11 13:43:38,462 [INFO] @creator_a : last_post_id mis à jour -> mock_post_creator_a
2026-05-11 13:43:38,463 [INFO] @creator_b : t_type absent (Discovery requis), skip.
2026-05-11 13:43:38,463 [INFO] max_cycles=1 atteint, arrêt.
2026-05-11 13:43:38,470 [INFO] === Watcher démarré (mock=False, max_accounts/session=3) ===
2026-05-11 13:43:38,471 [INFO] --- Cycle 1 ---
2026-05-11 13:43:38,473 [INFO] Seuil de 3 comptes vérifiés atteint — pause 600s anti-flag.
2026-05-11 13:43:38,473 [INFO] max_cycles=1 atteint, arrêt.
2026-05-11 13:43:38,483 [INFO] === Watcher démarré (mock=False, max_accounts/session=50) ===
2026-05-11 13:43:38,483 [INFO] --- Cycle 1 ---
2026-05-11 13:43:38,484 [WARNING] Session perdue pendant @creator_0 : session expirée → recovery.
2026-05-11 13:43:38,485 [INFO] Reconnexion réussie, on continue le cycle.
2026-05-11 13:43:38,486 [INFO] @creator_1 : 3 commentaire(s) généré(s).
2026-05-11 13:43:38,487 [INFO] @creator_1 : last_post_id mis à jour -> fresh
2026-05-11 13:43:38,490 [INFO] max_cycles=1 atteint, arrêt.
2026-05-11 13:43:38,497 [INFO] === Watcher démarré (mock=False, max_accounts/session=50) ===
2026-05-11 13:43:38,498 [INFO] --- Cycle 1 ---
2026-05-11 13:43:38,499 [WARNING] Session perdue pendant @creator_0 : session perdue → recovery.
2026-05-11 13:43:38,499 [ERROR] Watcher stoppé proprement (recovery KO) : recovery KO
2026-05-11 13:43:38,507 [INFO] === Watcher démarré (mock=False, max_accounts/session=50) ===
2026-05-11 13:43:38,507 [INFO] --- Cycle 1 ---
2026-05-11 13:43:38,510 [INFO] @newbie : bootstrap, mémorise last_post_id=first_id sans notification.
2026-05-11 13:43:38,513 [INFO] max_cycles=1 atteint, arrêt.
2026-05-11 13:43:38,519 [INFO] === Watcher démarré (mock=False, max_accounts/session=50) ===
2026-05-11 13:43:38,520 [INFO] --- Cycle 1 ---
2026-05-11 13:43:38,521 [INFO] @atelier_xyz : 3 commentaire(s) généré(s).
2026-05-11 13:43:38,522 [INFO] @atelier_xyz : last_post_id mis à jour -> fresh_post_id
2026-05-11 13:43:38,526 [INFO] max_cycles=1 atteint, arrêt.
2026-05-11 14:17:31,472 [WARNING] Erreur Instagram pendant resume session (ChallengeResolve: Unknown step_name "STEP_NAME" for "abaclavachaud" in challenge resolver: {'flow_render_type': 3, 'bloks_action': 'com.bloks.www.ig.challenge.redirect.async', 'challenge_context': 'Q9y1BQGgrZcgOohe_3isGgv4MbmsHt973tn0SZ89XE19nTh7D7l2Lcono_T8YyC2BwMZ6Aqk2JqDUTZfI2uUOWpDFUZ-wPHpSd9ZhId4JhaMWcsY2Sn7AyxlbOtDOT8yKmzS2u5a0YjS57SSrMaeCFgD6TEIzt7KyGyulkUO1Yj2jbWRADqxk-i-DhDPUolOaH2Fz6VUMF1b_RPZQ450yua1NVAdM3Di2IBG25v6fTlTzOg7INhU19gAtVLcecVtyzOkiJda3juL2fT5YzYMBjCF6bDXq3Wnk1wXMTaWaoT-_Of3pkIX181GfQqgFyj2NtZl8gW374FAjqq90j5MHL1XnviW2UqBMbgz4I0H29pqUyQbZgEuC6H9s2C4SE8Ta0vy_t5ZG2iWAh1NJhaoHquJOjsmPV_Ifl1aNMB4RzhoRclOTIT8NUlBZHWeA_g_OcWZQF44oVilub8EuPO3QqBbmZWIrF52uqz2MJleDj-Z7YUK5KBu-Y10uINCNYMTbrIGUyhiAQ', 'step_name': 'STEP_NAME', 'challenge_type_enum_str': 'ect_Q7DvBwEFeftsA_1P6cIZw9JOyfCA2-gdYEJIVRzO51bvk_ZCs6rFJXz136f57gln3QTVlY3iag3b97nHOQ', 'status': 'ok'}) — fresh login.
2026-05-11 14:17:31,473 [INFO] Fresh login Instagram pour @abaclavachaud
2026-05-11 14:17:31,474 [INFO] Fresh login : user-agent rotaté (Instagram 309.1.0.41.113)
2026-05-11 14:17:31,477 [INFO] Session Instagram sauvegardée → session.json
2026-05-11 14:17:44,580 [WARNING] Erreur Instagram pendant resume session (ChallengeResolve: Unknown step_name "STEP_NAME" for "abaclavachaud" in challenge resolver: {'flow_render_type': 3, 'bloks_action': 'com.bloks.www.ig.challenge.redirect.async', 'challenge_context': 'Q9y1BQFrF6lZaqSM4ctU22bjOQbXAQTO5UqrlLbHofgRLXbAdGYogQpNPq2cwQ21htUsqKCDMLGy2cL9FS7RMvfstEOUldFoua6Ma485SAIGpS44wyPONQbNUCH06mzGweoOY6IIRc2zWtikX5nYYHLz3T3uqttIAX-eRt3cwgjlk_9tI_qfR3KTHLOE7HegNwwDSbXTkud5T_v9zOzfVH6fTW3a0p8jpHLJBxIY3GmFNO9U4Dad5J5MRfoHumA4uVzTDINKIfpObkmP_dsVpkvq3I8Hi_rOL23fNHtR0GuRE6ByjWyX7QFSv2Vv1njwX7UQeJ_H-IFcTg9qt7_VUcxb0tEyYVztxIZpSt_pXiRgky4fqXoNg_C-wZWmEASLMDxL4ofm_4waZQuhjKFhL9vxFaqzXTfYFPle6ADkcmL9pvNRRIxtYUSoTsoh_9GWVzetaARDJvIeKFc983xpuMtakrLNAlZ2pd535v69bssclJGK-wMSE0Em4vA1TITZjL6lz9P0oQ', 'step_name': 'STEP_NAME', 'challenge_type_enum_str': 'ect_Q7DvBwF86Ea9CwNwDJZ2DK63J6eWw3Ids5TbEY30LHWXcXlzUIBwVjiG0nn7pJHbqvOf42KQEI3eh-NliQ', 'status': 'ok'}) — fresh login.
2026-05-11 14:17:44,581 [INFO] Fresh login Instagram pour @abaclavachaud
2026-05-11 14:17:44,581 [INFO] Fresh login : user-agent rotaté (Instagram 312.0.0.32.110)
2026-05-11 14:17:44,590 [INFO] Session Instagram sauvegardée → session.json
2026-05-11 14:17:52,811 [INFO] check_new_post @u : bootstrap (last_post_id null) -> media_id=777
2026-05-11 14:17:52,812 [INFO] check_new_post @someone : nouveau post media_id=111 (précédent 000)
2026-05-11 14:17:52,814 [WARNING] check_new_post @testuser : session Instagram perdue (LoginRequired) — recovery.
2026-05-11 14:17:52,815 [WARNING] check_new_post @testuser : session Instagram perdue (PleaseWaitFewMinutes) — recovery.
2026-05-11 14:17:52,816 [WARNING] check_new_post @testuser : rate limit court Instagram (slow down), pause 30s puis retry
2026-05-11 14:17:52,820 [INFO] === Watcher démarré (mock=True, max_accounts/session=50) ===
2026-05-11 14:17:52,821 [INFO] --- Cycle 1 ---
2026-05-11 14:17:52,823 [INFO] @creator_a : 3 commentaire(s) généré(s).
2026-05-11 14:17:52,823 [INFO] [mock] notification Telegram skip (post=mock_post_creator_a)
2026-05-11 14:17:52,823 [INFO] @creator_a : last_post_id mis à jour -> mock_post_creator_a
2026-05-11 14:17:52,823 [INFO] @creator_b : t_type absent (Discovery requis), skip.
2026-05-11 14:17:52,823 [INFO] max_cycles=1 atteint, arrêt.
2026-05-11 14:17:52,826 [INFO] === Watcher démarré (mock=False, max_accounts/session=3) ===
2026-05-11 14:17:52,826 [INFO] --- Cycle 1 ---
2026-05-11 14:17:52,827 [INFO] Seuil de 3 comptes vérifiés atteint — pause 600s anti-flag.
2026-05-11 14:17:52,827 [INFO] max_cycles=1 atteint, arrêt.
2026-05-11 14:17:52,829 [INFO] === Watcher démarré (mock=False, max_accounts/session=50) ===
2026-05-11 14:17:52,829 [INFO] --- Cycle 1 ---
2026-05-11 14:17:52,829 [WARNING] Session perdue pendant @creator_0 : session expirée → recovery.
2026-05-11 14:17:52,830 [INFO] Reconnexion réussie, on continue le cycle.
2026-05-11 14:17:52,830 [INFO] @creator_1 : 3 commentaire(s) généré(s).
2026-05-11 14:17:52,830 [INFO] @creator_1 : last_post_id mis à jour -> fresh
2026-05-11 14:17:52,831 [INFO] max_cycles=1 atteint, arrêt.
2026-05-11 14:17:52,833 [INFO] === Watcher démarré (mock=False, max_accounts/session=50) ===
2026-05-11 14:17:52,833 [INFO] --- Cycle 1 ---
2026-05-11 14:17:52,834 [WARNING] Session perdue pendant @creator_0 : session perdue → recovery.
2026-05-11 14:17:52,834 [ERROR] Watcher stoppé proprement (recovery KO) : recovery KO
2026-05-11 14:17:52,839 [INFO] === Watcher démarré (mock=False, max_accounts/session=50) ===
2026-05-11 14:17:52,840 [INFO] --- Cycle 1 ---
2026-05-11 14:17:52,840 [INFO] @newbie : bootstrap, mémorise last_post_id=first_id sans notification.
2026-05-11 14:17:52,841 [INFO] max_cycles=1 atteint, arrêt.
2026-05-11 14:17:52,843 [INFO] === Watcher démarré (mock=False, max_accounts/session=50) ===
2026-05-11 14:17:52,843 [INFO] --- Cycle 1 ---
2026-05-11 14:17:52,844 [INFO] @atelier_xyz : 3 commentaire(s) généré(s).
2026-05-11 14:17:52,844 [INFO] @atelier_xyz : last_post_id mis à jour -> fresh_post_id
2026-05-11 14:17:52,845 [INFO] max_cycles=1 atteint, arrêt.
2026-05-11 14:20:19,273 [WARNING] Erreur Instagram pendant resume session (ChallengeResolve: Unknown step_name "STEP_NAME" for "abaclavachaud" in challenge resolver: {'flow_render_type': 3, 'bloks_action': 'com.bloks.www.ig.challenge.redirect.async', 'challenge_context': 'Q9y1BQHbE5Gz6-koPeUZ-R-h8MyXWVKCIQBye6g0B08bLMIfxpFZ_CwWxvWrVoDOky2VO0GClWh0pO2m7qMOnMkAtDpBenOwYKuN3fnA8wi52HE2oZDhrExMC-e2nrkioj4Qz8P_41YYstfle2M2GQeluUzD2sgczOHP-xiSWfTccWFPl3AiQkIKTNhyk0jF92Khk3sBcoNpznfIpv_nBOwIl6EIYnF-xe5VRv2gZwgadMUxj0-NEC6yfNUoIKRVQOH7y6SK-Gtwm9b4Ecb7Z5JpEwFSCffJC2B23bah852dzIdi4ULM97_R7izdpeQBVkaJlAELER85cn9kWjhnjTnFzbrw-8o9u8d9WHLRwsMDv24J-jkv3XNNzhpYV6EfeozlTFR1UFc7eTSc5kpdtEsdt4CEp89Of3qek6-PRuSVZ0ayuMmdbvO2R0CqQ7S5JFY5zokjzpTVtsRfOKWce3j5N0LOmb8S0BcE-BhUrVTWARtieUDBk7WDdlgjn2PAVLlOKx2k8Q', 'step_name': 'STEP_NAME', 'challenge_type_enum_str': 'ect_Q7DvBwGgdxg8Dvdr_iQ6S33l2FpNi_RuPQnL6KcKGf7GL-b7aVjEhOa26SljwPWlPt9yLbxDtE4ZeV0oyA', 'status': 'ok'}) — fresh login.
2026-05-11 14:20:19,275 [INFO] Fresh login Instagram pour @abaclavachaud
2026-05-11 14:20:19,275 [INFO] Fresh login : user-agent rotaté (Instagram 309.1.0.41.113)
2026-05-11 14:20:19,280 [INFO] Session Instagram sauvegardée → session.json
2026-05-11 14:20:31,690 [WARNING] Erreur Instagram pendant resume session (ChallengeResolve: Unknown step_name "STEP_NAME" for "abaclavachaud" in challenge resolver: {'flow_render_type': 3, 'bloks_action': 'com.bloks.www.ig.challenge.redirect.async', 'challenge_context': 'Q9y1BQF4UxppuSz7Bokd6ikiN7svcKAFPx9rdq6D3m40gV9W9Lrkj1SftC2DVz5jEHxMW7H4U0TPpbbFL6lA1sLbSGKQWHO0aVqVAEvyHpQaV3sLqEreoCRpznuOGdnZhKRcC_jPrEp6I5mBMjj8uS2IVxRGV2CU7HECYfSoVmZXD29BtZN3taratMoDbVlNUvPOJamrmzO8EK6vmz3otIaao5SauaUsb0m1Rm5XgmlKDnVryTBvnlDgpC0yLsYJxntDzsWlmTFX7VHwVqDD0myKJaW5EGtxEM4OTcIPD_FQiMNTf2J_dMOjdzctc8JE-w_713EByGiGZ1DYHPnenhUpQfUYF8CuLTCztuL6FODCYJIpp1MzWz1x7kUJnCbAdIj0imd77PtDySsWach2R78SAA0PlssWOw4xCh-93eiVRRLNRx9NePfa04mDolPagBfOM4TpWrUaLTtlUoN63odvOKKKwSJ4xgA3XjEHqzt9wC9fHDS0ZsjOd5KlWBtgcP6CLxcNUA', 'step_name': 'STEP_NAME', 'challenge_type_enum_str': 'ect_Q7DvBwGDu1kPTT1zy7iL_cNypVfRk0dIMS7oFIXjB2WeMdz_MMWhyIj7XNRPC7twP5KDgaF7B3cm0AnEtw', 'status': 'ok'}) — fresh login.
2026-05-11 14:20:31,691 [INFO] Fresh login Instagram pour @abaclavachaud
2026-05-11 14:20:31,691 [INFO] Fresh login : user-agent rotaté (Instagram 309.1.0.41.113)
2026-05-11 14:20:31,696 [INFO] Session Instagram sauvegardée → session.json
2026-05-11 14:20:39,174 [INFO] check_new_post @u : bootstrap (last_post_id null) -> media_id=777
2026-05-11 14:20:39,178 [INFO] check_new_post @someone : nouveau post media_id=111 (précédent 000)
2026-05-11 14:20:39,186 [WARNING] check_new_post @testuser : session Instagram perdue (LoginRequired) — recovery.
2026-05-11 14:20:39,190 [WARNING] check_new_post @testuser : session Instagram perdue (PleaseWaitFewMinutes) — recovery.
2026-05-11 14:20:39,193 [WARNING] check_new_post @testuser : rate limit court Instagram (slow down), pause 30s puis retry
2026-05-11 14:20:39,201 [INFO] === Watcher démarré (mock=True, max_accounts/session=50) ===
2026-05-11 14:20:39,202 [INFO] --- Cycle 1 ---
2026-05-11 14:20:39,203 [INFO] @creator_a : 3 commentaire(s) généré(s).
2026-05-11 14:20:39,204 [INFO] [mock] notification Telegram skip (post=mock_post_creator_a)
2026-05-11 14:20:39,204 [INFO] @creator_a : last_post_id mis à jour -> mock_post_creator_a
2026-05-11 14:20:39,205 [INFO] @creator_b : t_type absent (Discovery requis), skip.
2026-05-11 14:20:39,205 [INFO] max_cycles=1 atteint, arrêt.
2026-05-11 14:20:39,211 [INFO] === Watcher démarré (mock=False, max_accounts/session=3) ===
2026-05-11 14:20:39,211 [INFO] --- Cycle 1 ---
2026-05-11 14:20:39,213 [INFO] Seuil de 3 comptes vérifiés atteint — pause 600s anti-flag.
2026-05-11 14:20:39,213 [INFO] max_cycles=1 atteint, arrêt.
2026-05-11 14:20:39,222 [INFO] === Watcher démarré (mock=False, max_accounts/session=50) ===
2026-05-11 14:20:39,223 [INFO] --- Cycle 1 ---
2026-05-11 14:20:39,224 [WARNING] Session perdue pendant @creator_0 : session expirée → recovery.
2026-05-11 14:20:39,224 [INFO] Reconnexion réussie, on continue le cycle.
2026-05-11 14:20:39,225 [INFO] @creator_1 : 3 commentaire(s) généré(s).
2026-05-11 14:20:39,226 [INFO] @creator_1 : last_post_id mis à jour -> fresh
2026-05-11 14:20:39,228 [INFO] max_cycles=1 atteint, arrêt.
2026-05-11 14:20:39,233 [INFO] === Watcher démarré (mock=False, max_accounts/session=50) ===
2026-05-11 14:20:39,233 [INFO] --- Cycle 1 ---
2026-05-11 14:20:39,235 [WARNING] Session perdue pendant @creator_0 : session perdue → recovery.
2026-05-11 14:20:39,236 [ERROR] Watcher stoppé proprement (recovery KO) : recovery KO
2026-05-11 14:20:39,243 [INFO] === Watcher démarré (mock=False, max_accounts/session=50) ===
2026-05-11 14:20:39,243 [INFO] --- Cycle 1 ---
2026-05-11 14:20:39,244 [INFO] @newbie : bootstrap, mémorise last_post_id=first_id sans notification.
2026-05-11 14:20:39,246 [INFO] max_cycles=1 atteint, arrêt.
2026-05-11 14:20:39,254 [INFO] === Watcher démarré (mock=False, max_accounts/session=50) ===
2026-05-11 14:20:39,255 [INFO] --- Cycle 1 ---
2026-05-11 14:20:39,256 [INFO] @atelier_xyz : 3 commentaire(s) généré(s).
2026-05-11 14:20:39,256 [INFO] @atelier_xyz : last_post_id mis à jour -> fresh_post_id
2026-05-11 14:20:39,259 [INFO] max_cycles=1 atteint, arrêt.
2026-05-11 14:22:37,120 [WARNING] Erreur Instagram pendant resume session (ChallengeResolve: Unknown step_name "STEP_NAME" for "abaclavachaud" in challenge resolver: {'flow_render_type': 3, 'bloks_action': 'com.bloks.www.ig.challenge.redirect.async', 'challenge_context': 'Q9y1BQEFeGrnZwpO4O6zc4xGo737nmbgOzzq-SCPEj-9_UQak7s3Iylbmh6cQ8nye-uQ2YGWX_uufAglssj44g3f6j2XEUQ9QSTGeTCnhs7yCdBLDS-y_-ml-I2KGFQu0mRZhGqF58NpWtbKwOdpCNc3_krSrWxKlC1uSIFlc4_9dIlIBF0V15jtkWhLdlMpXnHxpQNXn6VJ3M9im5a7aXFXTrXzl58Jzmrtpx4jz4OsCTZNqdHsvt5u-h4-DIZ2c5s2iW6pdAU0Q_WwKlFv38lt5tabyS7jBRhB9Ic3z2y_vG8y1RDSs1AXKTXud7Psx6deds1AnP7JG8ooo-pYmX5XVxv1yrfdg3v_BJbZjwwec3M5u02cWvTn2iJ1k20GPo0_7Ajk0Q-9urKcCa2VgNWAHsqr6hqkdEdnZ0ofifTdpBw8rNsjYOgD6YDV240PdXqqBdSEc51a6a1OQIufK-lgOybTGLpe6-3o91ueGZipqHMD0EIdXJ4kSC0j9V35lBjqYDTEBg', 'step_name': 'STEP_NAME', 'challenge_type_enum_str': 'ect_Q7DvBwGY1Nhfz094Lxiczj2aM3eFZ8G0IaLviR0GQXK94Daj776ZDwMMD1JL0f2Zy9Q-spacNwP1rBdwgQ', 'status': 'ok'}) — fresh login.
2026-05-11 14:22:37,121 [INFO] Fresh login Instagram pour @abaclavachaud
2026-05-11 14:22:37,122 [INFO] Fresh login : user-agent rotaté (Instagram 314.0.0.20.114)
2026-05-11 14:22:37,125 [INFO] Session Instagram sauvegardée → session.json
2026-05-11 14:22:48,915 [WARNING] Erreur Instagram pendant resume session (ChallengeResolve: Unknown step_name "STEP_NAME" for "abaclavachaud" in challenge resolver: {'flow_render_type': 3, 'bloks_action': 'com.bloks.www.ig.challenge.redirect.async', 'challenge_context': 'Q9y1BQHj6gTUTpZCZpPgmTOBripIz_RmDQr3bu-xUNy_yyEMFbAh6gQu4UP85uBH0jWu_KBXbPfiQqsCsGQxzHkKaPim8X9-ObMr-URUCVYep3dwZSG1nl7X1EqDOIe36dHxUY3zNzyU63-6VQBYyqzHh1Xv5hpMF1ckrVgvbPMyflD06bZO5EYQ0XirRv5r4koV19Cn_Se5yUyGyB0vtMrZnuzp0-AZSHvz6UyQxmu0j2Wu2XoV3WmwQpkjykmIkoMT6G4Uq6NCLEPXFsTS4kYZ6BPp-OlldTmImbgLXOWtp7Zyo9MK0ZHB42vIwdb9rWvyjvC8NSRRPnwyfuhZmCgjplK1r-lubarBRYbUHvV06aaBtpQZ6xJOmBp1drTUclTNgQ96qxAZ_5zFHL764LRJ0rg7ppcaWx4Xoa6nLJ8_WxWsvlZxPN_l7R7H75GaQ1mmdLT3iTDWWPatS2rtiuoE-xD3rqOMkNCXJxsRPbM_KXdWf4puyZdHd7ipW_bZcYQo_WydDQ', 'step_name': 'STEP_NAME', 'challenge_type_enum_str': 'ect_Q7DvBwHESDtbviNw90PYLLEQP8MWA3YUXdLY1K3E4jrD-wBnRbqYxf_-b-cncS0wZmjAJsfm1Qh30p1EtA', 'status': 'ok'}) — fresh login.
2026-05-11 14:22:48,915 [INFO] Fresh login Instagram pour @abaclavachaud
2026-05-11 14:22:48,916 [INFO] Fresh login : user-agent rotaté (Instagram 309.1.0.41.113)
2026-05-11 14:22:48,918 [INFO] Session Instagram sauvegardée → session.json
2026-05-11 14:22:58,086 [INFO] check_new_post @u : bootstrap (last_post_id null) -> media_id=777
2026-05-11 14:22:58,088 [INFO] check_new_post @someone : nouveau post media_id=111 (précédent 000)
2026-05-11 14:22:58,090 [WARNING] check_new_post @testuser : session Instagram perdue (LoginRequired) — recovery.
2026-05-11 14:22:58,091 [WARNING] check_new_post @testuser : session Instagram perdue (PleaseWaitFewMinutes) — recovery.
2026-05-11 14:22:58,093 [WARNING] check_new_post @testuser : rate limit court Instagram (slow down), pause 30s puis retry
2026-05-11 14:22:58,096 [INFO] === Watcher démarré (mock=True, max_accounts/session=50) ===
2026-05-11 14:22:58,096 [INFO] --- Cycle 1 ---
2026-05-11 14:22:58,096 [INFO] @creator_a : 3 commentaire(s) généré(s).
2026-05-11 14:22:58,097 [INFO] [mock] notification Telegram skip (post=mock_post_creator_a)
2026-05-11 14:22:58,097 [INFO] @creator_a : last_post_id mis à jour -> mock_post_creator_a
2026-05-11 14:22:58,097 [INFO] @creator_b : t_type absent (Discovery requis), skip.
2026-05-11 14:22:58,097 [INFO] max_cycles=1 atteint, arrêt.
2026-05-11 14:22:58,100 [INFO] === Watcher démarré (mock=False, max_accounts/session=3) ===
2026-05-11 14:22:58,100 [INFO] --- Cycle 1 ---
2026-05-11 14:22:58,102 [INFO] Seuil de 3 comptes vérifiés atteint — pause 600s anti-flag.
2026-05-11 14:22:58,102 [INFO] max_cycles=1 atteint, arrêt.
2026-05-11 14:22:58,104 [INFO] === Watcher démarré (mock=False, max_accounts/session=50) ===
2026-05-11 14:22:58,104 [INFO] --- Cycle 1 ---
2026-05-11 14:22:58,105 [WARNING] Session perdue pendant @creator_0 : session expirée → recovery.
2026-05-11 14:22:58,105 [INFO] Reconnexion réussie, on continue le cycle.
2026-05-11 14:22:58,105 [INFO] @creator_1 : 3 commentaire(s) généré(s).
2026-05-11 14:22:58,105 [INFO] @creator_1 : last_post_id mis à jour -> fresh
2026-05-11 14:22:58,107 [INFO] max_cycles=1 atteint, arrêt.
2026-05-11 14:22:58,109 [INFO] === Watcher démarré (mock=False, max_accounts/session=50) ===
2026-05-11 14:22:58,109 [INFO] --- Cycle 1 ---
2026-05-11 14:22:58,110 [WARNING] Session perdue pendant @creator_0 : session perdue → recovery.
2026-05-11 14:22:58,110 [ERROR] Watcher stoppé proprement (recovery KO) : recovery KO
2026-05-11 14:22:58,113 [INFO] === Watcher démarré (mock=False, max_accounts/session=50) ===
2026-05-11 14:22:58,113 [INFO] --- Cycle 1 ---
2026-05-11 14:22:58,114 [INFO] @newbie : bootstrap, mémorise last_post_id=first_id sans notification.
2026-05-11 14:22:58,117 [INFO] max_cycles=1 atteint, arrêt.
2026-05-11 14:22:58,120 [INFO] === Watcher démarré (mock=False, max_accounts/session=50) ===
2026-05-11 14:22:58,120 [INFO] --- Cycle 1 ---
2026-05-11 14:22:58,121 [INFO] @atelier_xyz : 3 commentaire(s) généré(s).
2026-05-11 14:22:58,121 [INFO] @atelier_xyz : last_post_id mis à jour -> fresh_post_id
2026-05-11 14:22:58,122 [INFO] max_cycles=1 atteint, arrêt.
2026-05-11 14:35:34,696 [WARNING] Erreur Instagram pendant resume session (ChallengeResolve: Unknown step_name "STEP_NAME" for "abaclavachaud" in challenge resolver: {'flow_render_type': 3, 'bloks_action': 'com.bloks.www.ig.challenge.redirect.async', 'challenge_context': 'Q9y1BQE8JX12UyYeJu3JMBPmCqqS81WUwApSlvt8rCQMrDykTz5uxTil-EHhb13MUR2lLyEGVy-uU8euJmcIK7w92ua8Acu3lf1Aq6FCBuMrUbpbAYdPP0Ty2bV7z6mTsPbPO2-u_C8oAH_Qp9xxVcufeG9ZilXNplYi1ZBcAmGVOYJJKjcehy8y2smz9ZZJVvKYx60qcE5z4PFFIk9uFSss33iL_P2HXapJ2o0h1C2HX46PSAH9pMxETtJMGkPfEMgkq3NIyx7fJ9c2Hzs7lTBYI9FjekFHaoFB_XJ04i9135AzM_e6VeT6btwHaY2OygdgNMWGSVir3aC2r-w4qwCFAzREEPE48WEh1CMXCMmQYBjlN_KP4yCAkjbLw0ZMkNYREmVWABHXEKielMzU-cWLEa6S56cpXw1tiuug1iIv8pFoSUen70dR1fBYauXtqR-QOZYNIS58u8aLZFopyAxJ3whwvlvA_TICFhQ_aZC5CFRVNXYV2G4sx0hVUJhChCPPBOqXYQ', 'step_name': 'STEP_NAME', 'challenge_type_enum_str': 'ect_Q7DvBwGQ3EyO044obX_cPXKMf6pWLO-4E44KRJsSqVLvRAWsjtddzf5q6ThMwwIOKKjpg_p0a33TaJG29g', 'status': 'ok'}) — fresh login.
2026-05-11 14:35:34,698 [INFO] Fresh login Instagram pour @abaclavachaud
2026-05-11 14:35:34,698 [INFO] Fresh login : user-agent rotaté (Instagram 309.1.0.41.113)
2026-05-11 14:35:34,700 [INFO] Session Instagram sauvegardée → session.json
2026-05-11 14:35:48,003 [WARNING] Erreur Instagram pendant resume session (ChallengeResolve: Unknown step_name "STEP_NAME" for "abaclavachaud" in challenge resolver: {'flow_render_type': 3, 'bloks_action': 'com.bloks.www.ig.challenge.redirect.async', 'challenge_context': 'Q9y1BQHftDmNCEYUTgG3bPfhOq-uj8YstYYSa20me75kqogKY1aTEQqXcJt8HZfjVIqcJIErGnbyQfvoakhsbkG_7EX-BOTUUkEgBIcdsY7UnPw1NiRxj7eaakseBWlUZOnpnPD9gYx69fBYrDyz97CxXtAuk7-iDe3JnauyPmgejzsj9NH_0-0wFrANfx8Hcc00BQa2EW3IPRFSjWy4OsrmtDO0c6Z_Rzkym1fTPK9gUvFDhOmRuaCdSn9JNYq7jzGmkryjK3hu5f4blcT9ifgeX6OnIO8xwZhz71NC74PbD-qCXh10sm1wXPTNdB2ttlprXmoI4253vslc-_s6BrT1NZjKPFF1nt_tXM0uK2Y-Pw65_Gln8rlEcG-cU8G3lNK-5yAtJXl6uIrlDN1EK2gDpbhpJetqksq6b007289NKnLqknxAnIPUSHwBsrxpJItaffYCXQsfcL01dfN_ekZd5OGW2afAbG2LJ7JxUptb8GYCjaEvFqATVZ0dqRoYJvDePiG9hg', 'step_name': 'STEP_NAME', 'challenge_type_enum_str': 'ect_Q7DvBwH3q4UNdsk7nvLCLsFVnZyIED4d_PVvFAAvUifiToVhJupE6EByB_-AKs37uc390ceB88h2HJltvA', 'status': 'ok'}) — fresh login.
2026-05-11 14:35:48,004 [INFO] Fresh login Instagram pour @abaclavachaud
2026-05-11 14:35:48,005 [INFO] Fresh login : user-agent rotaté (Instagram 314.0.0.20.114)
2026-05-11 14:35:48,011 [INFO] Session Instagram sauvegardée → session.json
2026-05-11 14:35:55,150 [INFO] check_new_post @u : bootstrap (last_post_id null) -> media_id=777
2026-05-11 14:35:55,153 [INFO] check_new_post @someone : nouveau post media_id=111 (précédent 000)
2026-05-11 14:35:55,162 [WARNING] check_new_post @testuser : session Instagram perdue (LoginRequired) — recovery.
2026-05-11 14:35:55,165 [WARNING] check_new_post @testuser : session Instagram perdue (PleaseWaitFewMinutes) — recovery.
2026-05-11 14:35:55,169 [WARNING] check_new_post @testuser : rate limit court Instagram (slow down), pause 30s puis retry
2026-05-11 14:35:55,180 [INFO] === Watcher démarré (mock=True, max_accounts/session=50) ===
2026-05-11 14:35:55,180 [INFO] --- Cycle 1 ---
2026-05-11 14:35:55,181 [INFO] @creator_a : 3 commentaire(s) généré(s).
2026-05-11 14:35:55,181 [INFO] [mock] notification Telegram skip (post=mock_post_creator_a)
2026-05-11 14:35:55,182 [INFO] @creator_a : last_post_id mis à jour -> mock_post_creator_a
2026-05-11 14:35:55,184 [INFO] @creator_b : t_type absent (Discovery requis), skip.
2026-05-11 14:35:55,184 [INFO] max_cycles=1 atteint, arrêt.
2026-05-11 14:35:55,192 [INFO] === Watcher démarré (mock=False, max_accounts/session=3) ===
2026-05-11 14:35:55,192 [INFO] --- Cycle 1 ---
2026-05-11 14:35:55,197 [INFO] Seuil de 3 comptes vérifiés atteint — pause 600s anti-flag.
2026-05-11 14:35:55,198 [INFO] max_cycles=1 atteint, arrêt.
2026-05-11 14:35:55,205 [INFO] === Watcher démarré (mock=False, max_accounts/session=50) ===
2026-05-11 14:35:55,206 [INFO] --- Cycle 1 ---
2026-05-11 14:35:55,207 [WARNING] Session perdue pendant @creator_0 : session expirée → recovery.
2026-05-11 14:35:55,208 [INFO] Reconnexion réussie, on continue le cycle.
2026-05-11 14:35:55,209 [INFO] @creator_1 : 3 commentaire(s) généré(s).
2026-05-11 14:35:55,209 [INFO] @creator_1 : last_post_id mis à jour -> fresh
2026-05-11 14:35:55,215 [INFO] max_cycles=1 atteint, arrêt.
2026-05-11 14:35:55,221 [INFO] === Watcher démarré (mock=False, max_accounts/session=50) ===
2026-05-11 14:35:55,222 [INFO] --- Cycle 1 ---
2026-05-11 14:35:55,223 [WARNING] Session perdue pendant @creator_0 : session perdue → recovery.
2026-05-11 14:35:55,223 [ERROR] Watcher stoppé proprement (recovery KO) : recovery KO
2026-05-11 14:35:55,231 [INFO] === Watcher démarré (mock=False, max_accounts/session=50) ===
2026-05-11 14:35:55,231 [INFO] --- Cycle 1 ---
2026-05-11 14:35:55,233 [INFO] @newbie : bootstrap, mémorise last_post_id=first_id sans notification.
2026-05-11 14:35:55,236 [INFO] max_cycles=1 atteint, arrêt.
2026-05-11 14:35:55,242 [INFO] === Watcher démarré (mock=False, max_accounts/session=50) ===
2026-05-11 14:35:55,242 [INFO] --- Cycle 1 ---
2026-05-11 14:35:55,244 [INFO] @atelier_xyz : 3 commentaire(s) généré(s).
2026-05-11 14:35:55,245 [INFO] @atelier_xyz : last_post_id mis à jour -> fresh_post_id
2026-05-11 14:35:55,248 [INFO] max_cycles=1 atteint, arrêt.
2026-05-11 14:41:06,577 [WARNING] Erreur Instagram pendant resume session (ChallengeResolve: Unknown step_name "STEP_NAME" for "abaclavachaud" in challenge resolver: {'flow_render_type': 3, 'bloks_action': 'com.bloks.www.ig.challenge.redirect.async', 'challenge_context': 'Q9y1BQFW4mXMldkVNtZXrH1PysEW55qzXT2dI1tATB01RrO2HA1Kub-7F6JJUe4JW-l0yUj0AzDkJp9pligMcVlIcksxNycuYQEv2eaAzu8QsvESYZ_1Mxr3YV4ik_HnNUynIS_IwiYT7iLdNnyifsvc0HhuaCWFIHOzxp-xCD5jElaaAAgqcQvVsdUUn8lODjgemcRQc1z792ZB_Xmjykz2CH8aNfFe5fSzblGQB25pvjoak4zV72-kGjqV9PWL2A0fG32IJPvuVsSW8aVUEzy5lwE_mw7NptSxjGBG1O5Yag5puPTlCXNRnMi6TjgwzRFRA8WwXbm4czhBQGtR4I4s1q42CDzXi5u7b7k3-i35G3_yzC3CSrPLWLB_5rLq6DsLS5TDETb7q7yBMNcoSU-6EsPa1S2zyXRO2_0CriFk52DSAuxiSwAQidCd1zLKVAICKJp6BbjYRYiGkp8itmGOKNfK47SwfDI3F03oY04zHhMDXa3E07ycvCjR9gTFVDUQcb1nsw', 'step_name': 'STEP_NAME', 'challenge_type_enum_str': 'ect_Q7DvBwHpztiyZXac3MxFoRSE5OIzEATUV2dPAbJxBjCxE0KLC0o4lWk0TU5BfR8aXtpYCbHPCMBPcmWPHg', 'status': 'ok'}) — fresh login.
2026-05-11 14:41:06,587 [INFO] Fresh login Instagram pour @abaclavachaud
2026-05-11 14:41:06,588 [INFO] Fresh login : user-agent rotaté (Instagram 312.0.0.32.110)
2026-05-11 14:41:06,597 [INFO] Session Instagram sauvegardée → session.json
2026-05-11 14:41:19,209 [WARNING] Erreur Instagram pendant resume session (ChallengeResolve: Unknown step_name "STEP_NAME" for "abaclavachaud" in challenge resolver: {'flow_render_type': 3, 'bloks_action': 'com.bloks.www.ig.challenge.redirect.async', 'challenge_context': 'Q9y1BQHoiIAr-bEHg7kudVbeYbG_eitZ-SqEfG12GdqOEP4KFkwZstxK2ym7bauGorGA4dqvr1JVHt8Ic1_95trHlndEPhIsS-b2zRIaQfL_ED1-rtHjTVfUeAsH_xa0998Q_pFQaLcztQMM0fNN_YWNnk5hXUMTM-UROJDizLP-okySi8FI_43eJ97K1shLgYld5AwEhoin2wLmnIr8GmKpc8Xpb2VmoqhN3P__AvSxRBhcoJscJyYG3acsAHoM1FcQScVbInyD3_QlRJTsepa79cKSjTda4AAE6ZgPCbNDtdlLz7UbaEmvkRVL6Jo7U-5Wl7T1lAZC1yOxpGKUdh6fcbowlCUgbw0ZXqrTRoCh5IKBvzYKBxZrPXNCa7whkAXeAMpu4gksHvpmw_VV_kAWINcqq2Bo0lKvwdjWjE6LB5pAE1KfpyXxzOqJIwuWLseLZlKyAaZaJi1s1YSVp-2Yhi_uGhlH-5sMtFIftIMBreyQIvNEWp9uOygfPrW67Zdi0j2URQ', 'step_name': 'STEP_NAME', 'challenge_type_enum_str': 'ect_Q7DvBwFLe8D0LHWmvV2Wc-V3r5XDEMJiRxNyEOQAiGs2kIACQhyIZeK0zjT-WQdJNUekM_bLnWE33cXGMA', 'status': 'ok'}) — fresh login.
2026-05-11 14:41:19,210 [INFO] Fresh login Instagram pour @abaclavachaud
2026-05-11 14:41:19,211 [INFO] Fresh login : user-agent rotaté (Instagram 308.0.0.36.109)
2026-05-11 14:41:19,218 [INFO] Session Instagram sauvegardée → session.json
2026-05-11 14:41:26,142 [INFO] check_new_post @u : bootstrap (last_post_id null) -> media_id=777
2026-05-11 14:41:26,145 [INFO] check_new_post @someone : nouveau post media_id=111 (précédent 000)
2026-05-11 14:41:26,151 [WARNING] check_new_post @testuser : session Instagram perdue (LoginRequired) — recovery.
2026-05-11 14:41:26,153 [WARNING] check_new_post @testuser : session Instagram perdue (PleaseWaitFewMinutes) — recovery.
2026-05-11 14:41:26,156 [WARNING] check_new_post @testuser : rate limit court Instagram (slow down), pause 30s puis retry
2026-05-11 14:41:26,162 [INFO] === Watcher démarré (mock=True, max_accounts/session=50) ===
2026-05-11 14:41:26,162 [INFO] --- Cycle 1 ---
2026-05-11 14:41:26,163 [INFO] @creator_a : 3 commentaire(s) généré(s).
2026-05-11 14:41:26,163 [INFO] [mock] notification Telegram skip (post=mock_post_creator_a)
2026-05-11 14:41:26,163 [INFO] @creator_a : last_post_id mis à jour -> mock_post_creator_a
2026-05-11 14:41:26,164 [INFO] @creator_b : t_type absent (Discovery requis), skip.
2026-05-11 14:41:26,164 [INFO] max_cycles=1 atteint, arrêt.
2026-05-11 14:41:26,168 [INFO] === Watcher démarré (mock=False, max_accounts/session=3) ===
2026-05-11 14:41:26,169 [INFO] --- Cycle 1 ---
2026-05-11 14:41:26,171 [INFO] Seuil de 3 comptes vérifiés atteint — pause 600s anti-flag.
2026-05-11 14:41:26,172 [INFO] max_cycles=1 atteint, arrêt.
2026-05-11 14:41:26,179 [INFO] === Watcher démarré (mock=False, max_accounts/session=50) ===
2026-05-11 14:41:26,179 [INFO] --- Cycle 1 ---
2026-05-11 14:41:26,180 [WARNING] Session perdue pendant @creator_0 : session expirée → recovery.
2026-05-11 14:41:26,180 [INFO] Reconnexion réussie, on continue le cycle.
2026-05-11 14:41:26,182 [INFO] @creator_1 : 3 commentaire(s) généré(s).
2026-05-11 14:41:26,182 [INFO] @creator_1 : last_post_id mis à jour -> fresh
2026-05-11 14:41:26,185 [INFO] max_cycles=1 atteint, arrêt.
2026-05-11 14:41:26,188 [INFO] === Watcher démarré (mock=False, max_accounts/session=50) ===
2026-05-11 14:41:26,188 [INFO] --- Cycle 1 ---
2026-05-11 14:41:26,189 [WARNING] Session perdue pendant @creator_0 : session perdue → recovery.
2026-05-11 14:41:26,189 [ERROR] Watcher stoppé proprement (recovery KO) : recovery KO
2026-05-11 14:41:26,195 [INFO] === Watcher démarré (mock=False, max_accounts/session=50) ===
2026-05-11 14:41:26,195 [INFO] --- Cycle 1 ---
2026-05-11 14:41:26,196 [INFO] @newbie : bootstrap, mémorise last_post_id=first_id sans notification.
2026-05-11 14:41:26,198 [INFO] max_cycles=1 atteint, arrêt.
2026-05-11 14:41:26,205 [INFO] === Watcher démarré (mock=False, max_accounts/session=50) ===
2026-05-11 14:41:26,206 [INFO] --- Cycle 1 ---
2026-05-11 14:41:26,207 [INFO] @atelier_xyz : 3 commentaire(s) généré(s).
2026-05-11 14:41:26,207 [INFO] @atelier_xyz : last_post_id mis à jour -> fresh_post_id
2026-05-11 14:41:26,210 [INFO] max_cycles=1 atteint, arrêt.
2026-05-11 14:47:21,912 [WARNING] Erreur Instagram pendant resume session (ChallengeResolve: Unknown step_name "STEP_NAME" for "abaclavachaud" in challenge resolver: {'flow_render_type': 3, 'bloks_action': 'com.bloks.www.ig.challenge.redirect.async', 'challenge_context': 'Q9y1BQGJx7iJBYXNUMvTKbxGm2l5Ah81P9kXph9f0viSZHYCMdaLbfC-y-utlgKw8YjQaphiBwBPh-iVIb5eOV1yDpjf3HOOFUS7bj00SupkgMJsKPv2FZQJ99X9GnqYBsPeI2xsu3PSPdYeVEc4F5WqZ8r2qxW0cSGfsyAkpjHl21PTlgKe6O4-QnyB1yM9Rnf3LOlLmhEXAvHdnCiKlLpHifloR11__qLum632Zyp_-BUaFIG09KcZnCeaa86lXMGi13Ny7Bkd1_ZGAxuuVrN3Npppu69WO9NBtszMfKN-NuuJ0JZYnFyIuBzDuwv2mlRNJx4d8KygF6_4VI2APsr7PNRoifvfOBRHkEf-b1lZTFELNRRdd_QZhy3mcK0eMMS3P4ajgxc-9t39CJ0BnxNPkZcvLmKTH9SHsNP0qqHKx3JG9r1RRqTnQ8gqPOVOOBCFzJbohUlnBrgYZ_g9b2HlJuR2w28hR2skVVIcmagCTSbbpmVRlfx2P4VUE7y50L4n90dqfg', 'step_name': 'STEP_NAME', 'challenge_type_enum_str': 'ect_Q7DvBwFquSVOZUZngFiK7XGztU-o6Pik3id98lpaOJ3uUTJSF_FetZBSV95SI2djoFwlbwgvzAz8LLJmOA', 'status': 'ok'}) — fresh login.
2026-05-11 14:47:21,913 [INFO] Fresh login Instagram pour @abaclavachaud
2026-05-11 14:47:21,914 [INFO] Fresh login : user-agent rotaté (Instagram 309.1.0.41.113)
2026-05-11 14:47:21,918 [INFO] Session Instagram sauvegardée → session.json
2026-05-11 14:47:34,081 [WARNING] Erreur Instagram pendant resume session (ChallengeResolve: Unknown step_name "STEP_NAME" for "abaclavachaud" in challenge resolver: {'flow_render_type': 3, 'bloks_action': 'com.bloks.www.ig.challenge.redirect.async', 'challenge_context': 'Q9y1BQE9yzlrICzgTPJbdboyQHJOXx7dVxsbNMPsa2G9fUzvqkZ8mYqdpYKNLezuOx8s5CoBO5ZtiDQjDcfmWUUOx0jHUXDbWAZuJ2Qajg2x5ZR1_WS2WJNayJsfC-8TEhsvDtXbwQC5b3S0-ozzFYsrflc1SQ4iZ1W937YdHSQHChSsj7Ubf893E10VOhW2c9fOszrtrMhpx75mvU_e5CNDfDGeByanTEGgA9LB9UuzkcOBUURhdO8ISj96uMcRuS9dWcAV8ZGpFGn1_zz9Z8G-lEWCEmGYtPtx2xmdzNoY0t4lWb8plA1Ow-tnh_YyoTJxo6zgvTA7Gy8_nmXd-ZAxLgwBxAbg93nKYIyVXPpkpT1q9jBaVOJ2x8N0iRuSrThxLIDPq8SHxTYVv8_IImLFB2kT-akZ9HNjUZZamJ9Y1fDE-E_aZ78YC2O0J7V1OZ_fMJhRcNp5cdbPm6rA-evvmhx8aAYhjSO0V51Q-O1Fy8EfoOBscilnD0kiJNkAwWcXAMes7A', 'step_name': 'STEP_NAME', 'challenge_type_enum_str': 'ect_Q7DvBwHFTyyycwQc8am2iKZ-N91xUB81rItNqRB-U3WRm3ZUn42afM2eDVL12Qg7GLj2APp8m-fMhH6nfg', 'status': 'ok'}) — fresh login.
2026-05-11 14:47:34,081 [INFO] Fresh login Instagram pour @abaclavachaud
2026-05-11 14:47:34,082 [INFO] Fresh login : user-agent rotaté (Instagram 309.1.0.41.113)
2026-05-11 14:47:34,086 [INFO] Session Instagram sauvegardée → session.json
2026-05-11 14:47:49,120 [INFO] check_new_post @u : bootstrap (last_post_id null) -> media_id=777
2026-05-11 14:47:49,124 [INFO] check_new_post @someone : nouveau post media_id=111 (précédent 000)
2026-05-11 14:47:49,133 [WARNING] check_new_post @testuser : session Instagram perdue (LoginRequired) — recovery.
2026-05-11 14:47:49,138 [WARNING] check_new_post @testuser : session Instagram perdue (PleaseWaitFewMinutes) — recovery.
2026-05-11 14:47:49,142 [WARNING] check_new_post @testuser : rate limit court Instagram (slow down), pause 30s puis retry
2026-05-11 14:47:49,145 [INFO] generate @? : pas de vecteur — génération sans profil créateur
2026-05-11 14:47:49,146 [INFO] generate @raikkonenaf : pas de vecteur — génération sans profil créateur
2026-05-11 14:47:49,150 [INFO] generate @creator1 : pas de vecteur — génération sans profil créateur
2026-05-11 14:47:49,157 [INFO] === Watcher démarré (mock=True, max_accounts/session=50) ===
2026-05-11 14:47:49,159 [INFO] vector_store chargé : 0 comptes
2026-05-11 14:47:49,163 [INFO] --- Cycle 1 ---
2026-05-11 14:47:49,165 [INFO] @creator_a : 3 commentaire(s) généré(s).
2026-05-11 14:47:49,166 [INFO] [mock] notification Telegram skip (post=mock_post_creator_a)
2026-05-11 14:47:49,166 [INFO] @creator_a : last_post_id mis à jour -> mock_post_creator_a
2026-05-11 14:47:49,167 [INFO] @creator_b : t_type absent (Discovery requis), skip.
2026-05-11 14:47:49,168 [INFO] max_cycles=1 atteint, arrêt.
2026-05-11 14:47:49,175 [INFO] === Watcher démarré (mock=False, max_accounts/session=3) ===
2026-05-11 14:47:49,176 [INFO] vector_store chargé : 0 comptes
2026-05-11 14:47:49,177 [INFO] --- Cycle 1 ---
2026-05-11 14:47:49,180 [INFO] Seuil de 3 comptes vérifiés atteint — pause 600s anti-flag.
2026-05-11 14:47:49,181 [INFO] max_cycles=1 atteint, arrêt.
2026-05-11 14:47:49,186 [INFO] === Watcher démarré (mock=False, max_accounts/session=50) ===
2026-05-11 14:47:49,187 [INFO] vector_store chargé : 0 comptes
2026-05-11 14:47:49,187 [INFO] --- Cycle 1 ---
2026-05-11 14:47:49,189 [WARNING] Session perdue pendant @creator_0 : session expirée → recovery.
2026-05-11 14:47:49,190 [INFO] Reconnexion réussie, on continue le cycle.
2026-05-11 14:47:49,192 [INFO] @creator_1 : 3 commentaire(s) généré(s).
2026-05-11 14:47:49,193 [INFO] @creator_1 : last_post_id mis à jour -> fresh
2026-05-11 14:47:49,196 [INFO] max_cycles=1 atteint, arrêt.
2026-05-11 14:47:49,202 [INFO] === Watcher démarré (mock=False, max_accounts/session=50) ===
2026-05-11 14:47:49,203 [INFO] vector_store chargé : 0 comptes
2026-05-11 14:47:49,203 [INFO] --- Cycle 1 ---
2026-05-11 14:47:49,204 [WARNING] Session perdue pendant @creator_0 : session perdue → recovery.
2026-05-11 14:47:49,205 [ERROR] Watcher stoppé proprement (recovery KO) : recovery KO
2026-05-11 14:47:49,212 [INFO] === Watcher démarré (mock=False, max_accounts/session=50) ===
2026-05-11 14:47:49,213 [INFO] vector_store chargé : 0 comptes
2026-05-11 14:47:49,213 [INFO] --- Cycle 1 ---
2026-05-11 14:47:49,215 [INFO] @newbie : bootstrap, mémorise last_post_id=first_id sans notification.
2026-05-11 14:47:49,218 [INFO] max_cycles=1 atteint, arrêt.
2026-05-11 14:47:49,225 [INFO] === Watcher démarré (mock=False, max_accounts/session=50) ===
2026-05-11 14:47:49,226 [INFO] vector_store chargé : 0 comptes
2026-05-11 14:47:49,226 [INFO] --- Cycle 1 ---
2026-05-11 14:47:49,228 [INFO] @atelier_xyz : 3 commentaire(s) généré(s).
2026-05-11 14:47:49,228 [INFO] @atelier_xyz : last_post_id mis à jour -> fresh_post_id
2026-05-11 14:47:49,232 [INFO] max_cycles=1 atteint, arrêt.
2026-05-11 15:00:39,996 [INFO] Fresh login Instagram pour @abaclavachaud
2026-05-11 15:00:39,997 [INFO] Fresh login : user-agent rotaté (Instagram 305.0.0.34.111)
2026-05-11 15:01:11,287 [INFO] Fresh login Instagram pour @jaden34298
2026-05-11 15:01:11,288 [INFO] Fresh login : user-agent rotaté (Instagram 312.0.0.32.110)
2026-05-11 15:01:22,868 [ERROR] Auth refusée pour @jaden34298 : mauvais mot de passe.
2026-05-11 15:01:24,289 [INFO] Notification Telegram envoyée.
